/*
MariaDB Backup
Database: csc206cars
Backup Time: 2023-12-14 10:28:34
*/

SET FOREIGN_KEY_CHECKS=0;
DROP TABLE IF EXISTS `csc206cars`.`colors`;
DROP TABLE IF EXISTS `csc206cars`.`customers`;
DROP TABLE IF EXISTS `csc206cars`.`manufacturers`;
DROP TABLE IF EXISTS `csc206cars`.`partorders`;
DROP TABLE IF EXISTS `csc206cars`.`parts`;
DROP TABLE IF EXISTS `csc206cars`.`purchasetransactions`;
DROP TABLE IF EXISTS `csc206cars`.`salestransactions`;
DROP TABLE IF EXISTS `csc206cars`.`users`;
DROP TABLE IF EXISTS `csc206cars`.`vehiclecolors`;
DROP TABLE IF EXISTS `csc206cars`.`vehicles`;
DROP TABLE IF EXISTS `csc206cars`.`vehicletypes`;
DROP TABLE IF EXISTS `csc206cars`.`vendors`;
CREATE TABLE `colors` (
  `colorID` int(11) NOT NULL AUTO_INCREMENT,
  `color_name` varchar(50) NOT NULL,
  PRIMARY KEY (`colorID`),
  UNIQUE KEY `color_name` (`color_name`)
) ENGINE=InnoDB AUTO_INCREMENT=27 DEFAULT CHARSET=latin1;
CREATE TABLE `customers` (
  `customerID` int(11) NOT NULL AUTO_INCREMENT,
  `phone_number` varchar(50) NOT NULL,
  `email_address` varchar(255) DEFAULT NULL,
  `street` varchar(255) NOT NULL,
  `city` varchar(255) NOT NULL,
  `state` varchar(50) NOT NULL,
  `postal_code` varchar(50) NOT NULL,
  `id_number` varchar(50) NOT NULL,
  `first_name` varchar(255) NOT NULL,
  `last_name` varchar(255) NOT NULL,
  `business_name` varchar(255) DEFAULT NULL,
  PRIMARY KEY (`customerID`)
) ENGINE=InnoDB AUTO_INCREMENT=402 DEFAULT CHARSET=latin1;
CREATE TABLE `manufacturers` (
  `manufacturerID` int(11) NOT NULL AUTO_INCREMENT,
  `manufacturer_name` varchar(50) NOT NULL,
  PRIMARY KEY (`manufacturerID`),
  UNIQUE KEY `manufacturer_name` (`manufacturer_name`)
) ENGINE=InnoDB AUTO_INCREMENT=49 DEFAULT CHARSET=latin1;
CREATE TABLE `partorders` (
  `part_orderID` int(11) NOT NULL AUTO_INCREMENT,
  `order_number` int(11) NOT NULL,
  `vehicleID` int(11) NOT NULL,
  `vendorID` int(11) NOT NULL,
  PRIMARY KEY (`part_orderID`),
  UNIQUE KEY `order_number` (`order_number`,`vehicleID`),
  KEY `fk_PartOrders_vehicleID_Vehicles_vehicleID` (`vehicleID`),
  KEY `fk_PartOrders_vendorID_Vendors_vendorID` (`vendorID`),
  CONSTRAINT `fk_PartOrders_vehicleID_Vehicles_vehicleID` FOREIGN KEY (`vehicleID`) REFERENCES `vehicles` (`vehicleID`),
  CONSTRAINT `fk_PartOrders_vendorID_Vendors_vendorID` FOREIGN KEY (`vendorID`) REFERENCES `vendors` (`vendorID`)
) ENGINE=InnoDB AUTO_INCREMENT=714 DEFAULT CHARSET=latin1;
CREATE TABLE `parts` (
  `partID` int(11) NOT NULL AUTO_INCREMENT,
  `part_orderID` int(11) NOT NULL,
  `part_number` varchar(50) NOT NULL,
  `cost` decimal(8,2) NOT NULL,
  `description` varchar(255) NOT NULL,
  `quantity` int(11) NOT NULL,
  `status` enum('Ordered','Received','Installed') DEFAULT 'Ordered',
  PRIMARY KEY (`partID`),
  UNIQUE KEY `UC_Part` (`part_orderID`,`part_number`),
  CONSTRAINT `fk_Parts_part_orderID_Part_Orders_part_orderID` FOREIGN KEY (`part_orderID`) REFERENCES `partorders` (`part_orderID`)
) ENGINE=InnoDB AUTO_INCREMENT=1768 DEFAULT CHARSET=latin1;
CREATE TABLE `purchasetransactions` (
  `purchase_transactionID` int(11) NOT NULL AUTO_INCREMENT,
  `vehicleID` int(11) NOT NULL,
  `userID` int(11) NOT NULL,
  `customerID` int(11) NOT NULL,
  `purchase_price` decimal(8,2) NOT NULL,
  `purchase_date` date NOT NULL,
  `vehicle_condition` enum('Excellent','Very Good','Good','Fair') NOT NULL,
  PRIMARY KEY (`purchase_transactionID`),
  UNIQUE KEY `UC_PurchaseTransaction` (`vehicleID`),
  KEY `fk_PurchaseTransactions_userID_Users_userID` (`userID`),
  KEY `fk_PurchaseTransactions_customerID_Customers_customerID` (`customerID`),
  CONSTRAINT `fk_PurchaseTransactions_customerID_Customers_customerID` FOREIGN KEY (`customerID`) REFERENCES `customers` (`customerID`),
  CONSTRAINT `fk_PurchaseTransactions_userID_Users_userID` FOREIGN KEY (`userID`) REFERENCES `users` (`userID`),
  CONSTRAINT `fk_PurchaseTransactions_vehicleID_Vehicles_vehicleID` FOREIGN KEY (`vehicleID`) REFERENCES `vehicles` (`vehicleID`)
) ENGINE=InnoDB AUTO_INCREMENT=301 DEFAULT CHARSET=latin1;
CREATE TABLE `salestransactions` (
  `sales_transactionID` int(11) NOT NULL AUTO_INCREMENT,
  `vehicleID` int(11) NOT NULL,
  `userID` int(11) NOT NULL,
  `customerID` int(11) NOT NULL,
  `sales_date` date NOT NULL,
  PRIMARY KEY (`sales_transactionID`),
  UNIQUE KEY `UC_SalesTransaction` (`vehicleID`),
  KEY `fk_SalesTransactions_userID_Users_userID` (`userID`),
  KEY `fk_SalesTransactions_customerID_Customers_customerID` (`customerID`),
  CONSTRAINT `fk_SalesTransactions_customerID_Customers_customerID` FOREIGN KEY (`customerID`) REFERENCES `customers` (`customerID`),
  CONSTRAINT `fk_SalesTransactions_userID_Users_userID` FOREIGN KEY (`userID`) REFERENCES `users` (`userID`),
  CONSTRAINT `fk_SalesTransactions_vehicleID_Vehicles_vehicleID` FOREIGN KEY (`vehicleID`) REFERENCES `vehicles` (`vehicleID`)
) ENGINE=InnoDB AUTO_INCREMENT=1013 DEFAULT CHARSET=latin1;
CREATE TABLE `users` (
  `userID` int(11) NOT NULL AUTO_INCREMENT,
  `first_name` varchar(255) NOT NULL,
  `last_name` varchar(255) NOT NULL,
  `username` varchar(50) NOT NULL,
  `password` varchar(50) NOT NULL,
  `role` enum('Inventory Clerk','Salesperson','Manager','Owner','Sales','Buyer','Admin') NOT NULL,
  PRIMARY KEY (`userID`),
  UNIQUE KEY `username` (`username`)
) ENGINE=InnoDB AUTO_INCREMENT=27 DEFAULT CHARSET=latin1;
CREATE TABLE `vehiclecolors` (
  `vehicle_colorID` int(11) NOT NULL AUTO_INCREMENT,
  `vehicleID` int(11) NOT NULL,
  `colorID` int(11) NOT NULL,
  PRIMARY KEY (`vehicle_colorID`),
  UNIQUE KEY `UC_VehicleColor` (`vehicleID`,`colorID`),
  KEY `fk_VehicleColors_colorID_Colors_colorID` (`colorID`),
  CONSTRAINT `fk_VehicleColors_colorID_Colors_colorID` FOREIGN KEY (`colorID`) REFERENCES `colors` (`colorID`),
  CONSTRAINT `fk_VehicleColors_vehicleID_Vehicles_vehicleID` FOREIGN KEY (`vehicleID`) REFERENCES `vehicles` (`vehicleID`)
) ENGINE=InnoDB AUTO_INCREMENT=364 DEFAULT CHARSET=latin1;
CREATE TABLE `vehicles` (
  `vehicleID` int(11) NOT NULL AUTO_INCREMENT,
  `vin` varchar(50) NOT NULL,
  `mileage` decimal(10,1) NOT NULL,
  `description` varchar(255) DEFAULT NULL,
  `model_name` varchar(255) NOT NULL,
  `model_year` int(11) NOT NULL,
  `fuel_type` enum('Gas','Diesel','Natural Gas','Hybrid','Plugin Hybrid','Battery','Fuel Cell') NOT NULL,
  `manufacturerID` int(11) NOT NULL,
  `vehicle_typeID` int(11) NOT NULL,
  PRIMARY KEY (`vehicleID`),
  UNIQUE KEY `vin` (`vin`),
  KEY `fk_Vehicles_manufacturerID_Manufacturers_manufacturerID` (`manufacturerID`),
  KEY `fk_Vehicles_vehicle_typeID_VehicleTypes_vehicle_typeID` (`vehicle_typeID`),
  CONSTRAINT `fk_Vehicles_manufacturerID_Manufacturers_manufacturerID` FOREIGN KEY (`manufacturerID`) REFERENCES `manufacturers` (`manufacturerID`),
  CONSTRAINT `fk_Vehicles_vehicle_typeID_VehicleTypes_vehicle_typeID` FOREIGN KEY (`vehicle_typeID`) REFERENCES `vehicletypes` (`vehicle_typeID`)
) ENGINE=InnoDB AUTO_INCREMENT=302 DEFAULT CHARSET=latin1;
CREATE TABLE `vehicletypes` (
  `vehicle_typeID` int(11) NOT NULL AUTO_INCREMENT,
  `vehicle_type_name` varchar(50) NOT NULL,
  PRIMARY KEY (`vehicle_typeID`),
  UNIQUE KEY `vehicle_type_name` (`vehicle_type_name`)
) ENGINE=InnoDB AUTO_INCREMENT=9 DEFAULT CHARSET=latin1;
CREATE TABLE `vendors` (
  `vendorID` int(11) NOT NULL AUTO_INCREMENT,
  `vendor_name` varchar(255) NOT NULL,
  `phone_number` varchar(50) NOT NULL,
  `street` varchar(255) NOT NULL,
  `city` varchar(255) NOT NULL,
  `state` varchar(50) NOT NULL,
  `postal_code` varchar(50) NOT NULL,
  PRIMARY KEY (`vendorID`),
  UNIQUE KEY `vendor_name` (`vendor_name`)
) ENGINE=InnoDB AUTO_INCREMENT=21 DEFAULT CHARSET=latin1;
BEGIN;
LOCK TABLES `csc206cars`.`colors` WRITE;
DELETE FROM `csc206cars`.`colors`;
INSERT INTO `csc206cars`.`colors` (`colorID`,`color_name`) VALUES (1, 'Aluminum'),(2, 'Beige'),(3, 'Black'),(4, 'Blue'),(6, 'Bronze'),(5, 'Brown'),(7, 'Claret'),(8, 'Copper'),(9, 'Cream'),(10, 'Gold'),(11, 'Gray'),(12, 'Green'),(13, 'Maroon'),(14, 'Metallic'),(15, 'Navy'),(16, 'Orange'),(17, 'Pink'),(18, 'Purple'),(19, 'Red'),(20, 'Rose'),(21, 'Rust'),(22, 'Silver'),(23, 'Tan'),(24, 'Turquoise'),(25, 'White'),(26, 'Yellow');
UNLOCK TABLES;
COMMIT;
BEGIN;
LOCK TABLES `csc206cars`.`customers` WRITE;
DELETE FROM `csc206cars`.`customers`;
INSERT INTO `csc206cars`.`customers` (`customerID`,`phone_number`,`email_address`,`street`,`city`,`state`,`postal_code`,`id_number`,`first_name`,`last_name`,`business_name`) VALUES (202, '2952597625', 'jhixenbaugh@xx-holding.com', '6263 11-street', 'Greensboro', 'NJ', '94210', 'C8583214663', 'Wilburn', 'Choi', NULL),(203, '7457629864', 'leroman@scotfind.com', '4 5-street', 'Fresno', 'CA', '56357', 'C3902566508', 'Teri', 'Mitchell', NULL),(204, '5452092393', 'hmiro@zoomit.com', '7813 20-street', 'Plano', 'NV', '23043', 'A0262371356', 'Wilfred', 'Rivera', NULL),(205, '1660641039', 'fvarriano@groovestreet.com', '9142 20-street', 'Seattle', 'WA', '70620', 'A7682641151', 'Refugio', 'Bryan', NULL),(206, '0618026256', 'ljeanty@silis.com', '9537 11-street', 'Tampa', 'HI', '45207', 'A0673790301', 'Sharron', 'Walton', NULL),(207, '0429265150', 'mwesterbeck@zoomit.com', '816 3-street', 'Kansas City', 'AZ', '52081', '94-6713384', 'Gerry', 'Lam', 'Arauto'),(208, '8153163701', 'lamyot@hatfan.com', '6779 18-street', 'Milwaukee', 'NM', '96519', 'A0615216027', 'Aida', 'Roman', NULL),(209, '6246794115', 'rlace@dalttechnology.com', '6440 7-street', 'Virginia Beach', 'GA', '51088', 'B1456216849', 'Leopoldo', 'Lewis', NULL),(210, '9488520413', 'kmalvin@y-corporation.com', '6449 12-street', 'Henderson', 'NE', '62053', 'A0184779785', 'Shannon', 'Mckay', NULL),(211, '0732368848', 'mnunlee@goodsilron.com', '2798 1-street', 'Oklahoma City', 'KY', '92248', 'B0794790966', 'Phillip', 'Hendricks', NULL),(212, '9414370820', 'edhamer@labdrill.com', '2615 12-street', 'Scottsdale', 'NV', '29115', 'C4777906028', 'Lauren', 'Simpson', NULL),(213, '6866280646', 'jsweely@zencorporation.com', '3253 9-street', 'Gilbert', 'LA', '66490', 'D8191703970', 'Grover', 'Cherry', NULL),(214, '9773209343', 'cstockham@ontomedia.com', '3248 13-street', 'Cincinnati', 'MN', '81587', 'D6327656680', 'Lynn', 'Fernandez', NULL),(215, '1286731065', 'lspickerman@warephase.com', '9665 4-street', 'Greensboro', 'NJ', '82332', 'C4236470136', 'Lester', 'Roberson', NULL),(216, '6213841839', 'akeneipp@doncon.com', '3358 12-street', 'Garland', 'FL', '37156', '97-5522995', 'Elsie', 'Patel', 'Arvehicle'),(217, '1144874066', 'carceo@betatech.com', '8244 10-street', 'Plano', 'NV', '12130', 'A5896813739', 'Jordan', 'Huang', NULL),(218, '1268667628', 'qmaclead@xx-zobam.com', '8630 9-street', 'Boise City', 'VA', '30701', 'C8766275993', 'Martina', 'Morse', NULL),(219, '0456125482', 'rbergesen@konex.com', '9044 4-street', 'Austin', 'TX', '83302', 'D1415748069', 'Winnie', 'Atkins', NULL),(220, '2448223307', 'rsteier@year-job.com', '4586 2-street', 'Pittsburgh', 'AK', '64306', '20-2164350', 'Janell', 'Terry', 'Atmotorcar'),(221, '3801976959', 'slabreche@donware.com', '2824 16-street', 'Wichita', 'TX', '91491', 'C6252173359', 'Yolanda', 'Bautista', NULL),(222, '2183462945', NULL, '3373 4-street', 'Chandler', 'TX', '87881', 'C7780413175', 'Frieda', 'Hanna', NULL),(223, '8354131959', 'nshin@doncon.com', '7998 8-street', 'Nashville-Davidson', 'MD', '67808', 'D3479521146', 'Jordan', 'Huff', NULL),(224, '2250204716', 'klipkin@dambase.com', '6565 17-street', 'Cleveland', 'KS', '73194', 'B7194397683', 'Sherri', 'Cruz', NULL),(225, '2231396691', 'vscriven@scotfind.com', '6226 20-street', 'Detroit', 'MI', '86418', 'C3225068735', 'Kristopher', 'Salinas', NULL),(226, '0377627548', 'atromblay@golddex.com', '3943 14-street', 'Newark', 'TX', '45709', 'C4299342425', 'Frankie', 'Lopez', NULL),(227, '4699225139', 'fgwalthney@rantouch.com', '8465 16-street', 'Long Beach', 'MO', '80577', 'A5517572915', 'Yesenia', 'Haas', NULL),(228, '1090850197', 'lwalthall@zotware.com', '1454 2-street', 'Albuquerque', 'AZ', '77662', 'C7549511819', 'Merle', 'Terry', NULL),(229, '1385393650', 'jloader@konex.com', '287 14-street', 'Atlanta', 'CO', '00594', '46-6607006', 'Shauna', 'Crosby', 'Atmotors'),(230, '1695370409', 'akiel@mathtouch.com', '7251 19-street', 'Indianapolis', 'IN', '56716', 'B9946174152', 'Jerald', 'Mckay', NULL),(231, '6132850745', 'behmann@sunnamplex.com', '857 18-street', 'Riverside', 'TX', '36018', 'A0310274381', 'Santo', 'Zimmerman', NULL),(232, '8407899085', 'lhoffis@labdrill.com', '3042 6-street', 'Reno', 'VA', '67603', 'B2440929697', 'Ted', 'Lawrence', NULL),(233, '6875935334', 'qglick@treequote.com', '2318 1-street', 'Columbus', 'OH', '43322', 'D4831519171', 'Tanya', 'Richardson', NULL),(234, '8342833432', 'mcampain@kan-code.com', '3074 4-street', 'Nashville-Davidson', 'MD', '98298', '72-7273493', 'Angel', 'Mckee', 'Autobar'),(235, '1962350101', 'iauffrey@zathunicon.com', '6333 8-street', 'Cincinnati', 'MN', '19424', 'D5508697748', 'Scot', 'Best', NULL),(236, '5516394079', 'lharoldson@dambase.com', '2452 7-street', 'Cincinnati', 'MN', '71867', 'D9669540937', 'Ernest', 'Crosby', NULL),(237, '7806684354', 'rjuhas@mathtouch.com', '5088 21-street', 'Jacksonville', 'FL', '53411', '43-3403883', 'Shelby', 'Hays', 'Automax'),(238, '1894843505', 'vschoeneck@konex.com', '7525 13-street', 'Chandler', 'TX', '40411', '85-5840713', 'Vanessa', 'Santos', 'Autosline'),(239, '7610432216', 'bcampain@year-job.com', '8594 10-street', 'Louisville/Jefferson County', 'OR', '40210', 'C9346888737', 'Manuela', 'Osborne', NULL),(240, '5302088589', 'bharabedian@lexiqvolax.com', '5681 15-street', 'Scottsdale', 'NV', '11475', 'C2317543508', 'Stacey', 'Ali', NULL),(241, '1442090615', NULL, '3844 8-street', 'Riverside', 'TX', '11958', '18-3775909', 'Numbers', 'Sellers', 'Bars'),(242, '0702183069', 'hmconnell@opentech.com', '1625 4-street', 'Pittsburgh', 'AK', '96388', 'B1852208630', 'Mac', 'Tran', NULL),(243, '9241624473', 'rsturiale@sonron.com', '4418 19-street', 'Miami', 'CA', '07124', 'C8969012326', 'Karyn', 'Hicks', NULL),(244, '0466613052', 'msayaphon@rantouch.com', '7147 1-street', 'Aurora', 'CA', '27651', 'B6847040699', 'Augusta', 'Cooper', NULL),(245, '0486179706', 'bbartolet@donquadtech.com', '359 2-street', 'Anaheim', 'CA', '06291', 'A9416682035', 'Ahmad', 'Lynch', NULL),(246, '7961690087', 'cshadrick@yearin.com', '6261 8-street', 'Seattle', 'WA', '68418', 'A5090337834', 'Gaston', 'Moyer', NULL),(247, '0199152902', 'lpolidori@newex.com', '2340 3-street', 'Durham', 'WI', '40289', 'A0936623718', 'Rodolfo', 'Lester', NULL),(248, '1922818949', 'mtromblay@betasoloin.com', '7781 13-street', 'Mesa', 'VA', '78747', 'A3710653626', 'Waldo', 'Allison', NULL),(249, '8978227826', 'jweight@plexzap.com', '6465 6-street', 'Raleigh', 'FL', '20214', 'C0673239779', 'Patsy', 'Bruce', NULL),(250, '1815377367', 'abergesen@sonron.com', '4326 10-street', 'Glendale', 'TX', '78589', 'A5530386031', 'Denise', 'Buck', NULL),(251, '1180643423', 'slawler@sonron.com', '3489 9-street', 'Phoenix', 'AZ', '81794', 'B5196684007', 'Traci', 'Wyatt', NULL),(252, '0865103920', 'ecorrio@zencorporation.com', '1448 20-street', 'Santa Ana', 'MO', '73306', 'C1217659257', 'Louisa', 'Avery', NULL),(253, '1858613754', 'scrupi@ontomedia.com', '5813 17-street', 'Albuquerque', 'AZ', '28736', 'C4987856002', 'Earline', 'Mckenzie', NULL),(254, '6522538581', 'marceo@hatfan.com', '9990 17-street', 'Irving', 'AZ', '76250', 'C3289101401', 'Clay', 'Zavala', NULL),(255, '3839780003', 'mfunnell@konmatfix.com', '5909 8-street', 'Fresno', 'CA', '10432', 'C4363694061', 'Kellie', 'Shelton', NULL),(256, '5462406127', 'jmaclead@codehow.com', '9216 14-street', 'Jacksonville', 'FL', '59104', 'B7131079555', 'Rosalie', 'Pineda', NULL),(257, '1153394663', 'lmulqueen@donquadtech.com', '1847 12-street', 'Washington', 'MA', '34383', 'A5269443254', 'Rodger', 'Chung', NULL),(258, '6977663248', 'lbiddy@rantouch.com', '7356 14-street', 'San Jose', 'CA', '99759', 'C0266219877', 'Ignacio', 'Pope', NULL),(259, '6625666422', 'ablunk@lexiqvolax.com', '3571 8-street', 'Santa Ana', 'MO', '05864', 'A5415348781', 'Clara', 'May', NULL),(260, '9703539396', 'btomblin@ron-tech.com', '9861 2-street', 'Nashville-Davidson', 'MD', '11721', 'A1981245672', 'Rubin', 'Quinn', NULL),(261, '1186736394', 'llouissant@sumace.com', '8566 3-street', 'Kansas City', 'AZ', '20102', 'D5598201847', 'Marty', 'Salas', NULL),(262, '5108865591', 'aharnos@newex.com', '3229 12-street', 'Detroit', 'MI', '00132', '06-8876566', 'Branden', 'Knight', 'Carer'),(263, '1945723781', 'rmauson@zotware.com', '6972 21-street', 'Louisville/Jefferson County', 'OR', '91765', 'B0867624567', 'Flossie', 'Cooke', NULL),(264, '6877989061', 'lmenter@domzoom.com', '5598 10-street', 'Toledo', 'NC', '07483', 'A8298794557', 'Georgette', 'Acosta', NULL),(265, '8586279036', 'smaillard@kinnamplus.com', '5185 5-street', 'Chandler', 'TX', '69070', 'B1731449781', 'Tomas', 'Mays', NULL),(266, '3298074765', NULL, '332 17-street', 'Phoenix', 'AZ', '27501', 'A1309865728', 'Bobbie', 'Nichols', NULL),(267, '0391486606', 'sthreets@konmatfix.com', '5321 11-street', 'Jersey City', 'CA', '43926', '87-8575736', 'Rosalinda', 'Koch', 'Carist'),(268, '1161409373', 'mstoltzman@dambase.com', '3838 20-street', 'Los Angeles', 'CA', '89056', 'C6109199686', 'Cliff', 'Long', NULL),(269, '3626595706', 'lgreenbush@green-plus.com', '1218 15-street', 'Glendale', 'TX', '87980', 'A7586405617', 'Julius', 'Franklin', NULL),(270, '9145346288', 'fknipp@kinnamplus.com', '6040 7-street', 'Riverside', 'TX', '69644', 'C3378134863', 'Catherine', 'Fitzgerald', NULL),(271, '5428643409', 'lgood@konex.com', '1020 9-street', 'Lincoln', 'NY', '83625', 'C5341904042', 'Aldo', 'Lucero', NULL),(272, '1192412616', 'rscriven@xx-holding.com', '2570 10-street', 'Louisville/Jefferson County', 'OR', '34860', 'B4608992876', 'Augustine', 'Hansen', NULL),(273, '2561092135', 'qsergi@faxquote.com', '6080 2-street', 'Laredo', 'VA', '01528', 'A6689897244', 'Alexandra', 'Burgess', NULL),(274, '6334107866', NULL, '8233 7-street', 'El Paso', 'TX', '51945', '82-8184602', 'Tiffany', 'Gallagher', 'Carmax'),(275, '1340832331', 'epalaia@labdrill.com', '2407 17-street', 'Madison', 'TX', '57664', 'A2135848728', 'Frederic', 'Johnston', NULL),(276, '6597031398', 'ryori@konex.com', '8385 15-street', 'Scottsdale', 'NV', '97285', 'C2838238369', 'Verna', 'Gonzales', NULL),(277, '8353310800', 'cpedrozo@isdom.com', '851 10-street', 'Albuquerque', 'AZ', '68443', 'A9149940556', 'Orville', 'Christian', NULL),(278, '9462231438', 'cflosi@golddex.com', '8190 8-street', 'Irvine', 'NC', '17943', '68-4606539', 'Paul', 'Clarke', 'Carring'),(279, '1424595432', 'spatak@kinnamplus.com', '7241 2-street', 'North Las Vegas', 'CA', '80181', 'D0665878931', 'Abram', 'Horne', NULL),(280, '9305091236', 'cgibes@rangreen.com', '7813 17-street', 'Detroit', 'MI', '93918', 'B0838220816', 'Rosanna', 'Cunningham', NULL),(281, '2142886925', 'clary@cancity.com', '6816 9-street', 'Baltimore', 'OK', '83973', '07-2036529', 'Graig', 'Boyle', 'Carsia'),(282, '0916869287', NULL, '4515 2-street', 'Winston-Salem', 'AZ', '06066', 'D6889152867', 'Sheldon', 'Meadows', NULL),(283, '6640565822', NULL, '8644 8-street', 'Boston', 'TN', '81079', '96-6692589', 'Antonia', 'Warren', 'Carspro'),(284, '9304344770', 'svanausdal@donquadtech.com', '1650 15-street', 'Henderson', 'NE', '95208', 'C1967459004', 'Lori', 'Haley', NULL),(285, '1833691250', 'cyaw@donware.com', '6765 14-street', 'Austin', 'TX', '95597', 'A1663169974', 'Kaye', 'Watts', NULL),(286, '5295956267', 'abiddy@scottech.com', '971 13-street', 'Chesapeake', 'AZ', '99403', 'A9525842110', 'Janette', 'Campbell', NULL),(287, '2893491737', 'gdallen@goodsilron.com', '329 14-street', 'Seattle', 'WA', '38898', 'C0222944298', 'Carson', 'Castaneda', NULL),(288, '3764051258', 'tflister@betasoloin.com', '6309 8-street', 'Memphis', 'TN', '54129', '31-3545908', 'Val', 'Roberson', 'Cocars'),(289, '5974625448', 'avonasek@domzoom.com', '6166 20-street', 'Aurora', 'CA', '18677', 'D3731035683', 'Carmella', 'Castillo', NULL),(290, '7679091004', 'lhalter@ron-tech.com', '6915 2-street', 'Tampa', 'HI', '09762', 'C5399342731', 'Terrence', 'Osborne', NULL),(291, '2584517744', 'cnachor@finhigh.com', '523 8-street', 'New Orleans', 'CA', '00576', 'B6710742108', 'Helena', 'Acevedo', NULL),(292, '3808291053', 'bskulski@opentech.com', '2127 6-street', 'Hialeah', 'NV', '22042', 'C7183960183', 'Ahmad', 'Cannon', NULL),(293, '5337539456', 'csarao@gogozoom.com', '210 5-street', 'Chandler', 'TX', '73540', 'B4419028056', 'Emanuel', 'Little', NULL),(294, '8697320215', 'hgabisi@dambase.com', '6758 16-street', 'Wichita', 'TX', '85885', 'D5713874463', 'Lynette', 'Sanders', NULL),(295, '1547387581', 'lscriven@xx-zobam.com', '4719 12-street', 'Bakersfield', 'FL', '24603', '59-9733673', 'Reed', 'Strickland', 'Edmotor'),(296, '3788513921', 'erhymes@finjob.com', '2140 6-street', 'St. Petersburg', 'AZ', '60868', 'A4599693068', 'Dianne', 'Atkins', NULL),(297, '5630558686', 'ccallaro@donquadtech.com', '9966 11-street', 'Chula Vista', 'IN', '78585', 'C3839849069', 'Gavin', 'Meyer', NULL),(298, '7621638492', 'spalaia@stanredtax.com', '2380 16-street', 'Oklahoma City', 'KY', '88771', 'B3290593615', 'Jimmy', 'Neal', NULL),(299, '0848513693', 'smontezuma@sonron.com', '2629 21-street', 'Jersey City', 'CA', '94996', '29-6662491', 'Addie', 'West', 'Elvehicle'),(300, '6139626394', 'bdallen@isdom.com', '2955 11-street', 'Virginia Beach', 'GA', '99728', 'C3612640531', 'Erasmo', 'Ramos', NULL),(301, '2349028878', 'dstuer@donware.com', '4606 10-street', 'Nashville-Davidson', 'MD', '77960', 'D9676746157', 'Luz', 'Orozco', NULL),(302, '5900619971', 'amiro@scottech.com', '3387 1-street', 'Chandler', 'TX', '05028', '50-0389893', 'Rhea', 'Vasquez', 'Inmachines'),(303, '5258372667', 'slacovara@statholdings.com', '9701 4-street', 'Sacramento', 'CA', '86941', 'B9892813591', 'Palmer', 'Hanna', NULL),(304, '9760595092', 'dcorbley@dontechi.com', '4577 2-street', 'Albuquerque', 'AZ', '97479', '48-6768847', 'Carmen', 'Beck', 'Invehicle'),(305, '4287858845', 'tfoller@codehow.com', '4864 5-street', 'Kansas City', 'AZ', '33258', 'B6082349948', 'Johnson', 'Moody', NULL),(306, '3349957393', 'dchui@ganjaflex.com', '6922 3-street', 'Charlotte', 'NC', '30565', 'B6334165149', 'Gale', 'Hendrix', NULL),(307, '6724009066', 'aonofrio@finhigh.com', '2994 14-street', 'San Francisco', 'CA', '46157', 'A9361688715', 'Loren', 'Donovan', NULL),(308, '4697890951', 'cmirafuentes@konmatfix.com', '648 16-street', 'San Antonio', 'TX', '70558', 'D2498998888', 'Joshua', 'Schmitt', NULL),(309, '0225659944', 'gkohl@ron-tech.com', '2748 15-street', 'Atlanta', 'CO', '62904', 'B6923660033', 'Quintin', 'Hull', NULL),(310, '6799556341', 'jklusman@xx-zobam.com', '8162 19-street', 'Oklahoma City', 'KY', '08209', 'D4519725290', 'Kasey', 'Vaughan', NULL),(311, '5207437483', 'mvocelka@ron-tech.com', '5546 6-street', 'Houston', 'TX', '23924', 'B5346544142', 'Stacy', 'Hubbard', NULL),(312, '3404435431', 'lplumer@year-job.com', '4018 12-street', 'Norfolk', 'NC', '72164', '84-6387554', 'Lakisha', 'Mathis', 'Machicles'),(313, '8565923131', 'gsengbusch@doncon.com', '2691 12-street', 'Richmond', 'CA', '98233', 'C8271029908', 'Lino', 'Mullen', NULL),(314, '2154011795', 'etawil@plexzap.com', '3643 9-street', 'Anaheim', 'CA', '10393', 'B1961357406', 'Darwin', 'Small', NULL),(315, '6561738907', 'cpaskin@nam-zim.com', '8321 18-street', 'Chandler', 'TX', '83560', 'D0473669739', 'Bradford', 'Roberson', NULL),(316, '9456243552', 'dweirather@iselectrics.com', '4487 1-street', 'Newark', 'TX', '01298', 'D7912550520', 'Steven', 'Parker', NULL),(317, '5326760716', 'lsyrop@j-texon.com', '5327 7-street', 'Phoenix', 'AZ', '30814', 'B8859030244', 'Manuel', 'Hinton', NULL),(318, '2812754411', 'mpatak@j-texon.com', '1356 1-street', 'Anchorage', 'CA', '78858', 'B4925230252', 'Dennis', 'West', NULL),(319, '1575733870', 'lspickerman@xx-zobam.com', '3617 12-street', 'Columbus', 'OH', '68079', 'A0461291890', 'Lacy', 'Carter', NULL),(320, '0119161628', 'dwiklund@rantouch.com', '5840 7-street', 'Dallas', 'TX', '05460', '83-3496482', 'Jaime', 'Rodriguez', 'Machinemax'),(321, '9417420903', 'smcdoniel@kan-code.com', '2429 14-street', 'Boise City', 'VA', '20778', 'A7800747478', 'Naomi', 'Adams', NULL),(322, '9423735498', 'ecorrio@green-plus.com', '1078 3-street', 'El Paso', 'TX', '50266', 'B6010570650', 'Joey', 'Tyler', NULL),(323, '8177264055', 'dcolaizzo@faxquote.com', '6826 18-street', 'Long Beach', 'MO', '63895', 'B1715775889', 'Amos', 'Russell', NULL),(324, '9181127811', 'hgesick@inity.com', '2943 19-street', 'Garland', 'FL', '67153', 'C4774668646', 'Bertram', 'Hensley', NULL),(325, '3480698729', 'lwildfong@ganjaflex.com', '7511 16-street', 'Las Vegas', 'WI', '09252', 'D6100357446', 'Olin', 'Hood', NULL),(326, '4858534746', 'mtollner@green-plus.com', '265 5-street', 'Sacramento', 'CA', '50008', 'C8307257184', 'Lora', 'Madden', NULL),(327, '5815008357', 'dfishburne@goodsilron.com', '6555 6-street', 'Fremont', 'ID', '29564', 'A1518047114', 'Irma', 'Ellis', NULL),(328, '4579186110', 'jmonarrez@zoomit.com', '1284 11-street', 'Detroit', 'MI', '25947', 'B9346967347', 'Kennith', 'Snow', NULL),(329, '0326553009', 'mrulapaugh@condax.com', '7114 11-street', 'San Francisco', 'CA', '38506', 'D0760894831', 'Taylor', 'Kirk', NULL),(330, '6192934321', 'nangalich@xx-holding.com', '6100 6-street', 'Raleigh', 'FL', '10628', 'A2836727024', 'Darrell', 'French', NULL),(331, '2638845007', 'jbuvens@openlane.com', '6697 7-street', 'Durham', 'WI', '55959', '17-3450014', 'Lana', 'Bond', 'Motorcarero'),(332, '6209568005', 'llueckenbach@condax.com', '8676 11-street', 'Denver', 'CO', '70435', 'A7410218307', 'Vivian', 'Arroyo', NULL),(333, '1278664355', 'hfigeroa@bioholding.com', '533 9-street', 'Cincinnati', 'MN', '78389', 'A1440687124', 'Winnie', 'Chen', NULL),(334, '4218938014', NULL, '5513 3-street', 'Baton Rouge', 'TX', '69366', 'D1357716930', 'Francisco', 'Wilson', NULL),(335, '5607353093', NULL, '2069 3-street', 'Fort Worth', 'TX', '85130', '35-9898298', 'Lillian', 'Ramirez', 'Motorsby'),(336, '7466598499', 'rpalaspas@plussunin.com', '4880 6-street', 'Virginia Beach', 'GA', '73720', '94-7914925', 'Stephan', 'Pugh', 'Motorsia'),(337, '9290710024', 'psuell@xx-holding.com', '7975 7-street', 'Louisville/Jefferson County', 'OR', '27758', 'A3570377285', 'Bob', 'Newman', NULL),(338, '1857291621', 'awiklund@toughzap.com', '1970 3-street', 'Los Angeles', 'CA', '81816', 'D8819452846', 'Rita', 'Rosales', NULL),(339, '4735874159', 'pfillingim@ganjaflex.com', '3052 8-street', 'Baton Rouge', 'TX', '24299', 'D7602785929', 'Diego', 'Ramirez', NULL),(340, '8807995442', 'lbiddy@doncon.com', '249 12-street', 'Anchorage', 'CA', '97646', '33-2934805', 'Kraig', 'Edwards', 'Motorsup'),(341, '5363330488', 'bdiscipio@sonron.com', '3688 8-street', 'St. Louis', 'CA', '08220', 'B9782424828', 'Bernardo', 'Vazquez', NULL),(342, '8565341402', 'sagramonte@bioholding.com', '6941 10-street', 'Norfolk', 'NC', '43730', 'A2580734753', 'Eliza', 'Mejia', NULL),(343, '7178971215', 'cwaymire@bioholding.com', '1469 9-street', 'Tampa', 'HI', '58840', '64-7492958', 'Sharon', 'Martinez', 'Numotor'),(344, '1122640314', 'piturbide@rangreen.com', '452 11-street', 'Chesapeake', 'AZ', '63275', 'B3918027523', 'Mitchell', 'Francis', NULL),(345, '8425551940', 'tasar@hottechi.com', '808 4-street', 'Sacramento', 'CA', '25310', 'B2598969914', 'Toni', 'Quinn', NULL),(346, '1855539320', 'ylimmel@singletechno.com', '8270 3-street', 'Glendale', 'TX', '52581', 'D2600960022', 'Cletus', 'Barnes', NULL),(347, '0752224067', 'mvanheusen@betatech.com', '774 9-street', 'Charlotte', 'NC', '33005', '92-9016618', 'Ali', 'Davidson', 'Promachines'),(348, '4812049826', 'rshealy@zotware.com', '4815 2-street', 'Las Vegas', 'WI', '45686', '46-7746081', 'Lee', 'Cole', 'Samotor'),(349, '4151614989', 'slary@dalttechnology.com', '6775 1-street', 'Anchorage', 'CA', '28978', 'B8786618373', 'Manuela', 'Rogers', NULL),(350, '4106787859', 'wblackwood@donware.com', '5363 11-street', 'Anaheim', 'CA', '93869', 'D5269489570', 'Mandy', 'Cooley', NULL),(351, '1681270085', 'vlukasik@groovestreet.com', '4562 6-street', 'Portland', 'NV', '60719', '72-6876442', 'Emily', 'Morrison', 'Sedanby'),(352, '2249310659', NULL, '9567 7-street', 'New York', 'NY', '86956', '81-7754883', 'Raul', 'Hardy', 'Sedanline'),(353, '1173651664', 'dzagen@donware.com', '4442 11-street', 'Riverside', 'TX', '96878', 'A3383028473', 'Clemente', 'Macias', NULL),(354, '8740599520', 'rfigeroa@dambase.com', '2170 13-street', 'Raleigh', 'FL', '82803', 'A4532111602', 'Rebecca', 'Frank', NULL),(355, '4338685121', 'sennaco@donware.com', '4713 8-street', 'San Jose', 'CA', '54065', 'A0135356446', 'Leonardo', 'Hamilton', NULL),(356, '4780845956', 'ydenooyer@hottechi.com', '5674 15-street', 'Irving', 'AZ', '84229', 'A9302873941', 'Elias', 'Hoover', NULL),(357, '2802965981', 'bperruzza@dambase.com', '3723 8-street', 'Chandler', 'TX', '99594', 'A4688720947', 'Emmanuel', 'Sharp', NULL),(358, '3982767982', 'ekarpel@fasehatice.com', '4538 11-street', 'New York', 'NY', '67769', '62-4702974', 'Lamar', 'Howe', 'Sedanon'),(359, '1663206433', 'gherritt@kinnamplus.com', '6084 21-street', 'Oklahoma City', 'KY', '84479', 'C5211782393', 'Ruth', 'Wiggins', NULL),(360, '4117001917', 'skonopacki@kan-code.com', '1105 17-street', 'Stockton', 'OH', '34026', 'C6220644674', 'Robin', 'Richards', NULL),(361, '3577974876', 'fcartan@hatfan.com', '925 5-street', 'Chicago', 'IL', '41937', 'C2423333296', 'Florentino', 'Coffey', NULL),(362, '5251353255', 'ajeanty@inity.com', '1166 6-street', 'San Antonio', 'TX', '48258', 'B2638494209', 'Lincoln', 'Day', NULL),(363, '6638700004', 'moles@rantouch.com', '9431 5-street', 'Lubbock', 'CA', '19397', 'A3910339352', 'Dollie', 'Horne', NULL),(364, '1467865334', 'gmaillard@rangreen.com', '1676 3-street', 'Milwaukee', 'NM', '56460', 'C0844073746', 'Alexandria', 'Peters', NULL),(365, '0574418772', 'msayaphon@gogozoom.com', '42 16-street', 'Mesa', 'VA', '72497', 'B8229530311', 'Morgan', 'Gay', NULL),(366, '6962135593', 'tabdallah@stanredtax.com', '7797 10-street', 'Tucson', 'CA', '42250', 'D0233458616', 'Dean', 'Mccall', NULL),(367, '0771910514', 'lhanafan@kinnamplus.com', '2706 15-street', 'St. Louis', 'CA', '84193', 'A4604249337', 'Garland', 'Ware', NULL),(368, '1176395163', 'cdhamer@donquadtech.com', '4184 6-street', 'Nashville-Davidson', 'MD', '46138', 'B6364451946', 'Concetta', 'Sexton', NULL),(369, '7840890296', 'ajulia@codehow.com', '7953 21-street', 'Fresno', 'CA', '06358', 'C7548135047', 'Maxine', 'Logan', NULL),(370, '1642986115', 'cmccullan@zumgoity.com', '9963 13-street', 'St. Louis', 'CA', '23085', 'A7994838891', 'Helga', 'Levy', NULL),(371, '1227792338', 'cflosi@kinnamplus.com', '7349 6-street', 'Irving', 'AZ', '26660', 'B1653942479', 'Bernadette', 'Flynn', NULL),(372, '9657645181', 'lscheyer@nam-zim.com', '2180 9-street', 'Fort Wayne', 'FL', '95844', 'D4371833181', 'Dustin', 'Jones', NULL),(373, '1918490671', 'cmartabano@openlane.com', '3167 7-street', 'San Diego', 'CA', '12818', 'B5738835693', 'Katrina', 'Cunningham', NULL),(374, '6217686131', 'cboord@yearin.com', '8006 18-street', 'Albuquerque', 'AZ', '15360', '24-4045456', 'Eileen', 'Mclaughlin', 'Sedanpro'),(375, '7607870807', 'rgillaspie@bioholding.com', '9377 21-street', 'Louisville/Jefferson County', 'OR', '67579', '49-9516264', 'Desiree', 'Zamora', 'TrueRod'),(376, '4806391667', 'afortino@funholding.com', '3288 10-street', 'Fremont', 'ID', '37586', 'C2776254573', 'Prince', 'Franklin', NULL),(377, '1158576713', 'lhengel@blackzim.com', '2877 4-street', 'San Jose', 'CA', '40803', '50-9862780', 'Victor', 'Bradford', 'Unisedan'),(378, '7279194125', 'mpaa@warephase.com', '2010 15-street', 'Los Angeles', 'CA', '87887', 'D6650795352', 'Teresa', 'Braun', NULL),(379, '8717641687', 'gperin@silis.com', '7133 19-street', 'Norfolk', 'NC', '83107', 'A6986218675', 'Lidia', 'Romero', NULL),(380, '2191200911', 'mchui@statholdings.com', '2559 7-street', 'Albuquerque', 'AZ', '08005', 'A9661106493', 'Edwina', 'Gates', NULL),(381, '8766862073', NULL, '2931 15-street', 'Philadelphia', 'PA', '83998', 'C3914994260', 'Lorraine', 'Garza', NULL),(382, '9687932029', 'yahle@streethex.com', '2734 8-street', 'Fresno', 'CA', '60657', 'A4366803067', 'Hallie', 'Jackson', NULL),(383, '8452864290', NULL, '4788 13-street', 'St. Louis', 'CA', '29561', 'A7722007632', 'Lynn', 'Powell', NULL),(384, '1622683978', 'cnabours@iselectrics.com', '6325 8-street', 'Aurora', 'CA', '85535', '49-0400043', 'Keven', 'Wheeler', 'Vehiclesly'),(385, '6684801631', 'bpaulas@plussunin.com', '5981 6-street', 'Miami', 'CA', '09747', 'B3463874026', 'Vickie', 'Coleman', NULL),(386, '3329795636', 'dperruzza@rangreen.com', '1170 11-street', 'Tampa', 'HI', '09581', '51-0247747', 'Jeanette', 'Shepard', 'Vehiclesup'),(387, '2879694252', 'ecronauer@groovestreet.com', '7673 4-street', 'Dallas', 'TX', '76401', 'D8832785149', 'Lessie', 'Campos', NULL),(388, '1240555259', 'svanheusen@cancity.com', '4326 4-street', 'Omaha', 'NC', '39011', 'B6301637672', 'Sheree', 'Reynolds', NULL),(389, '6974941499', 'moles@donquadtech.com', '6039 19-street', 'Atlanta', 'CO', '42239', 'B1984877856', 'Lisa', 'Rice', NULL),(390, '1122666043', 'afrancescon@lexiqvolax.com', '3306 8-street', 'Fresno', 'CA', '22531', '05-7673774', 'Sheri', 'Barajas', 'Vehiclemax'),(391, '6295451915', 'gsarbacher@blackzim.com', '2024 15-street', 'Tulsa', 'OH', '14994', 'A2319552942', 'Chi', 'Johnston', NULL),(392, '0243788652', 'mcallaro@bioholding.com', '2569 5-street', 'Madison', 'TX', '48103', 'D9223276847', 'Lorie', 'Duarte', NULL),(393, '5596193040', NULL, '5977 11-street', 'Arlington', 'LA', '44325', 'C7290231462', 'Carrol', 'Henderson', NULL),(394, '1236534535', 'jslayton@statholdings.com', '8462 15-street', 'Phoenix', 'AZ', '12799', 'D5950814801', 'Aldo', 'Morse', NULL),(395, '1838362574', NULL, '7505 19-street', 'Chula Vista', 'IN', '82493', 'A8645646644', 'Elisha', 'Kramer', NULL),(396, '0716893246', 'rsaulter@dontechi.com', '3624 9-street', 'Baton Rouge', 'TX', '46412', 'D8920288787', 'Gracie', 'Pacheco', NULL),(397, '1156055216', 'imaisto@openlane.com', '5738 9-street', 'San Francisco', 'CA', '12065', 'C5998099065', 'Lynette', 'Gilbert', NULL),(398, '7588109962', 'dsaras@treequote.com', '7425 17-street', 'Los Angeles', 'CA', '48263', 'B8644575091', 'Hoyt', 'Weiss', NULL),(399, '9573149559', 'criopelle@finjob.com', '5787 17-street', 'Columbus', 'OH', '85733', 'D5227762827', 'Flossie', 'Cantu', NULL),(400, '3109017782', 'mvillanueva@labdrill.com', '2955 10-street', 'Columbus', 'OH', '67662', 'B3170194836', 'Marisol', 'Bender', NULL),(401, '2853350704', NULL, '8234 7-street', 'Houston', 'TX', '87425', '22-1607231', 'Miquel', 'Wright', 'Unimotors');
UNLOCK TABLES;
COMMIT;
BEGIN;
LOCK TABLES `csc206cars`.`manufacturers` WRITE;
DELETE FROM `csc206cars`.`manufacturers`;
INSERT INTO `csc206cars`.`manufacturers` (`manufacturerID`,`manufacturer_name`) VALUES (1, 'Acura'),(2, 'Alfa Romeo'),(3, 'Aston Martin'),(4, 'Audi'),(5, 'Bentley'),(6, 'BMW'),(7, 'Buick'),(8, 'Cadillac'),(9, 'Chevrolet'),(10, 'Chrysler'),(11, 'Dodge'),(12, 'Ferrari'),(13, 'FIAT'),(14, 'Ford'),(15, 'Geeley'),(16, 'Genesis'),(17, 'GMC'),(18, 'Honda'),(19, 'Hyundai'),(20, 'INFINITI'),(21, 'Jaguar'),(22, 'Jeep'),(23, 'Karma'),(24, 'Kia'),(25, 'Lamborghini'),(26, 'Land Rover'),(27, 'Lexus'),(28, 'Lincoln'),(29, 'Lotus'),(30, 'Maserati'),(31, 'MAZDA'),(32, 'McLaren'),(33, 'Mercedes-Benz'),(34, 'MINI'),(35, 'Mitsubishi'),(37, 'Nio'),(36, 'Nissan'),(38, 'Porsche'),(39, 'Ram'),(40, 'Rivian'),(41, 'Rolls-Royce'),(42, 'smart'),(43, 'Subaru'),(44, 'Tesla'),(45, 'Toyota'),(46, 'Volkswagen'),(47, 'Volvo'),(48, 'XPeng');
UNLOCK TABLES;
COMMIT;
BEGIN;
LOCK TABLES `csc206cars`.`partorders` WRITE;
DELETE FROM `csc206cars`.`partorders`;
INSERT INTO `csc206cars`.`partorders` (`part_orderID`,`order_number`,`vehicleID`,`vendorID`) VALUES (9, 1, 2, 1),(11, 3, 11, 1),(12, 4, 11, 1),(13, 2, 24, 1),(14, 3, 24, 1),(15, 1, 25, 1),(17, 5, 35, 1),(18, 1, 42, 1),(19, 3, 51, 1),(20, 1, 67, 1),(21, 1, 82, 1),(22, 1, 106, 1),(23, 2, 121, 1),(24, 1, 137, 1),(25, 2, 144, 1),(26, 1, 153, 1),(27, 1, 157, 1),(28, 3, 181, 1),(29, 5, 187, 1),(30, 5, 191, 1),(31, 2, 194, 1),(32, 1, 197, 1),(33, 3, 214, 1),(34, 1, 215, 1),(35, 1, 225, 1),(36, 3, 225, 1),(37, 2, 251, 1),(39, 2, 263, 1),(40, 1, 264, 1),(41, 1, 272, 1),(42, 2, 298, 1),(44, 2, 5, 2),(45, 4, 5, 2),(48, 2, 34, 2),(49, 3, 38, 2),(50, 1, 39, 2),(51, 2, 48, 2),(52, 2, 50, 2),(53, 4, 53, 2),(54, 2, 63, 2),(56, 1, 96, 2),(57, 1, 105, 2),(58, 4, 113, 2),(59, 4, 114, 2),(61, 2, 119, 2),(62, 1, 130, 2),(63, 2, 142, 2),(64, 1, 156, 2),(65, 1, 167, 2),(66, 2, 197, 2),(67, 3, 227, 2),(68, 2, 231, 2),(69, 1, 240, 2),(70, 1, 241, 2),(71, 4, 244, 2),(72, 1, 247, 2),(73, 2, 261, 2),(74, 2, 269, 2),(75, 1, 271, 2),(76, 5, 274, 2),(77, 5, 284, 2),(78, 1, 290, 2),(79, 5, 290, 2),(80, 1, 293, 2),(81, 2, 8, 3),(82, 1, 11, 3),(83, 3, 32, 3),(84, 2, 46, 3),(85, 1, 54, 3),(87, 1, 91, 3),(88, 2, 96, 3),(89, 2, 98, 3),(91, 2, 105, 3),(92, 3, 105, 3),(93, 1, 111, 3),(94, 2, 113, 3),(95, 2, 124, 3),(96, 4, 142, 3),(97, 1, 166, 3),(98, 1, 189, 3),(99, 4, 191, 3),(100, 1, 194, 3),(101, 2, 200, 3),(102, 1, 218, 3),(103, 1, 219, 3),(104, 4, 220, 3),(105, 3, 245, 3),(106, 2, 250, 3),(107, 3, 251, 3),(108, 2, 268, 3),(109, 3, 272, 3),(110, 5, 273, 3),(111, 5, 292, 3),(112, 1, 15, 4),(113, 2, 16, 4),(114, 1, 34, 4),(115, 2, 47, 4),(116, 2, 52, 4),(117, 3, 63, 4),(119, 2, 73, 4),(120, 3, 79, 4),(121, 3, 96, 4),(123, 4, 130, 4),(124, 1, 131, 4),(125, 1, 148, 4),(126, 1, 149, 4),(127, 2, 180, 4),(128, 2, 183, 4),(129, 5, 183, 4),(130, 2, 192, 4),(131, 2, 208, 4),(132, 2, 215, 4),(133, 2, 218, 4),(134, 2, 221, 4),(135, 1, 226, 4),(136, 3, 239, 4),(137, 1, 246, 4),(138, 1, 267, 4),(139, 5, 275, 4),(140, 3, 278, 4),(141, 1, 279, 4),(142, 2, 281, 4),(143, 1, 282, 4),(144, 2, 287, 4),(145, 4, 288, 4),(146, 2, 289, 4),(147, 2, 291, 4),(148, 1, 292, 4),(151, 5, 11, 5),(152, 3, 17, 5),(153, 3, 18, 5),(154, 1, 20, 5),(155, 3, 50, 5),(156, 1, 56, 5),(157, 4, 77, 5),(158, 1, 78, 5),(159, 3, 81, 5),(160, 1, 100, 5),(161, 1, 112, 5),(162, 3, 122, 5),(163, 1, 124, 5),(164, 2, 137, 5),(165, 1, 143, 5),(166, 1, 151, 5),(167, 2, 153, 5),(168, 2, 167, 5),(169, 1, 183, 5),(170, 1, 202, 5),(171, 1, 210, 5),(172, 2, 225, 5),(173, 5, 227, 5),(174, 4, 231, 5),(176, 1, 259, 5),(177, 1, 263, 5),(178, 3, 266, 5),(179, 1, 277, 5),(180, 4, 287, 5),(181, 4, 290, 5),(182, 1, 291, 5),(183, 1, 295, 5),(184, 3, 5, 6),(186, 3, 34, 6),(187, 1, 48, 6),(188, 1, 52, 6),(189, 3, 52, 6),(190, 2, 68, 6),(191, 1, 69, 6),(192, 1, 73, 6),(193, 2, 77, 6),(194, 3, 77, 6),(195, 1, 79, 6),(196, 2, 84, 6),(197, 4, 96, 6),(198, 2, 101, 6),(199, 3, 114, 6),(200, 1, 116, 6),(201, 1, 121, 6),(202, 1, 122, 6),(203, 1, 128, 6),(204, 1, 136, 6),(205, 3, 172, 6),(206, 1, 200, 6),(207, 2, 202, 6),(208, 5, 220, 6),(209, 1, 237, 6),(210, 1, 239, 6),(211, 1, 242, 6),(213, 3, 255, 6),(214, 2, 258, 6),(215, 1, 266, 6),(216, 2, 267, 6),(217, 2, 279, 6),(218, 1, 281, 6),(219, 1, 288, 6),(220, 2, 15, 7),(221, 2, 31, 7),(222, 2, 49, 7),(223, 3, 49, 7),(224, 1, 59, 7),(225, 2, 59, 7),(226, 4, 63, 7),(227, 4, 82, 7),(229, 1, 94, 7),(230, 5, 113, 7),(231, 1, 115, 7),(232, 1, 125, 7),(234, 3, 131, 7),(236, 1, 142, 7),(237, 1, 161, 7),(238, 2, 161, 7),(239, 5, 176, 7),(240, 4, 187, 7),(241, 6, 192, 7),(242, 3, 197, 7),(243, 3, 200, 7),(244, 3, 208, 7),(245, 2, 210, 7),(246, 3, 220, 7),(247, 1, 221, 7),(248, 2, 235, 7),(250, 3, 244, 7),(251, 2, 246, 7),(252, 3, 267, 7),(253, 4, 268, 7),(254, 1, 278, 7),(255, 3, 281, 7),(256, 2, 283, 7),(257, 1, 10, 8),(259, 4, 34, 8),(260, 3, 35, 8),(261, 4, 35, 8),(262, 2, 36, 8),(263, 4, 49, 8),(264, 1, 55, 8),(265, 2, 55, 8),(267, 1, 68, 8),(268, 2, 82, 8),(269, 1, 102, 8),(270, 3, 103, 8),(271, 2, 106, 8),(272, 4, 135, 8),(273, 5, 149, 8),(274, 1, 176, 8),(275, 2, 187, 8),(276, 3, 194, 8),(277, 2, 212, 8),(278, 4, 240, 8),(279, 1, 251, 8),(280, 1, 256, 8),(281, 4, 257, 8),(282, 1, 265, 8),(283, 2, 265, 8),(284, 4, 274, 8),(285, 2, 276, 8),(286, 2, 284, 8),(288, 2, 14, 9),(289, 1, 18, 9),(290, 1, 21, 9),(292, 1, 32, 9),(293, 1, 38, 9),(294, 1, 41, 9),(295, 1, 46, 9),(296, 2, 79, 9),(297, 2, 116, 9),(298, 1, 117, 9),(299, 2, 122, 9),(300, 3, 124, 9),(301, 5, 125, 9),(302, 2, 133, 9),(303, 1, 134, 9),(304, 1, 184, 9),(305, 2, 185, 9),(306, 3, 185, 9),(307, 1, 193, 9),(308, 1, 233, 9),(309, 1, 236, 9),(310, 2, 247, 9),(311, 3, 257, 9),(312, 2, 264, 9),(313, 3, 284, 9),(314, 2, 288, 9),(315, 4, 291, 9),(316, 1, 297, 9),(317, 2, 297, 9),(318, 1, 299, 9),(319, 3, 2, 10),(321, 1, 33, 10),(322, 2, 43, 10),(323, 1, 75, 10),(324, 3, 78, 10),(326, 2, 90, 10),(327, 1, 95, 10),(328, 2, 103, 10),(329, 2, 108, 10),(330, 1, 123, 10),(331, 4, 141, 10),(332, 1, 155, 10),(333, 5, 162, 10),(334, 1, 170, 10),(335, 2, 175, 10),(336, 3, 187, 10),(337, 1, 199, 10),(338, 1, 203, 10),(339, 1, 209, 10),(340, 1, 212, 10),(341, 3, 226, 10),(342, 1, 238, 10),(343, 2, 255, 10),(344, 5, 257, 10),(345, 1, 260, 10),(346, 1, 261, 10),(347, 4, 267, 10),(348, 3, 273, 10),(349, 4, 278, 10),(350, 1, 294, 10),(351, 1, 16, 11),(352, 2, 28, 11),(353, 5, 44, 11),(354, 1, 45, 11),(355, 1, 49, 11),(356, 3, 59, 11),(357, 4, 79, 11),(358, 1, 80, 11),(359, 1, 81, 11),(360, 2, 93, 11),(361, 2, 95, 11),(362, 3, 113, 11),(363, 5, 135, 11),(364, 3, 162, 11),(365, 2, 177, 11),(366, 1, 191, 11),(367, 1, 228, 11),(368, 3, 231, 11),(369, 1, 232, 11),(370, 2, 233, 11),(371, 1, 250, 11),(372, 2, 259, 11),(373, 4, 261, 11),(374, 5, 266, 11),(375, 3, 268, 11),(376, 3, 287, 11),(377, 2, 18, 12),(378, 1, 36, 12),(379, 3, 46, 12),(380, 1, 57, 12),(381, 1, 74, 12),(382, 3, 75, 12),(383, 2, 78, 12),(384, 2, 80, 12),(385, 2, 81, 12),(386, 1, 107, 12),(387, 1, 114, 12),(388, 1, 135, 12),(389, 4, 136, 12),(390, 2, 141, 12),(391, 1, 145, 12),(392, 2, 145, 12),(393, 2, 152, 12),(394, 3, 160, 12),(395, 1, 172, 12),(396, 1, 180, 12),(397, 4, 183, 12),(398, 3, 196, 12),(399, 2, 204, 12),(400, 5, 226, 12),(401, 1, 227, 12),(403, 2, 252, 12),(405, 1, 255, 12),(406, 3, 259, 12),(407, 2, 266, 12),(408, 1, 269, 12),(409, 4, 275, 12),(410, 4, 284, 12),(411, 1, 296, 12),(412, 2, 296, 12),(413, 1, 12, 13),(414, 2, 17, 13),(415, 4, 18, 13),(416, 1, 31, 13),(417, 2, 33, 13),(418, 3, 33, 13),(419, 5, 34, 13),(420, 2, 39, 13),(421, 4, 57, 13),(422, 2, 70, 13),(425, 2, 100, 13),(426, 1, 108, 13),(427, 1, 113, 13),(429, 2, 143, 13),(430, 1, 144, 13),(431, 1, 154, 13),(432, 2, 157, 13),(433, 5, 168, 13),(434, 1, 169, 13),(435, 2, 169, 13),(436, 1, 187, 13),(437, 2, 189, 13),(438, 4, 194, 13),(439, 1, 195, 13),(440, 1, 196, 13),(441, 2, 196, 13),(442, 4, 202, 13),(443, 1, 204, 13),(444, 1, 220, 13),(445, 1, 224, 13),(446, 2, 228, 13),(447, 2, 242, 13),(448, 4, 251, 13),(450, 2, 257, 13),(451, 5, 269, 13),(452, 3, 274, 13),(453, 3, 290, 13),(454, 3, 291, 13),(456, 1, 28, 14),(457, 4, 29, 14),(458, 3, 43, 14),(459, 3, 57, 14),(460, 1, 63, 14),(461, 1, 70, 14),(462, 1, 84, 14),(463, 2, 85, 14),(464, 2, 91, 14),(465, 1, 103, 14),(466, 3, 116, 14),(467, 2, 125, 14),(468, 2, 130, 14),(469, 1, 146, 14),(470, 2, 162, 14),(471, 1, 164, 14),(472, 1, 165, 14),(473, 1, 168, 14),(474, 1, 185, 14),(475, 1, 201, 14),(476, 2, 213, 14),(477, 5, 213, 14),(478, 3, 215, 14),(479, 4, 226, 14),(480, 3, 236, 14),(481, 4, 266, 14),(482, 4, 273, 14),(483, 1, 283, 14),(484, 1, 284, 14),(485, 2, 290, 14),(486, 2, 293, 14),(488, 1, 17, 15),(489, 4, 17, 15),(490, 1, 24, 15),(492, 3, 29, 15),(494, 2, 32, 15),(495, 2, 35, 15),(496, 2, 37, 15),(497, 1, 51, 15),(498, 3, 58, 15),(499, 1, 64, 15),(500, 1, 85, 15),(502, 2, 111, 15),(503, 2, 149, 15),(504, 1, 174, 15),(506, 6, 183, 15),(507, 1, 186, 15),(509, 5, 200, 15),(510, 2, 226, 15),(512, 6, 273, 15),(513, 1, 275, 15),(514, 3, 275, 15),(515, 1, 285, 15),(516, 3, 288, 15),(517, 1, 289, 15),(518, 4, 24, 16),(519, 2, 38, 16),(520, 1, 40, 16),(521, 2, 53, 16),(522, 1, 58, 16),(523, 2, 58, 16),(524, 5, 63, 16),(525, 3, 68, 16),(526, 1, 77, 16),(527, 1, 93, 16),(529, 5, 114, 16),(530, 4, 124, 16),(531, 3, 125, 16),(532, 2, 135, 16),(533, 1, 139, 16),(534, 1, 152, 16),(535, 1, 158, 16),(536, 1, 160, 16),(537, 2, 160, 16),(538, 5, 202, 16),(539, 3, 203, 16),(540, 1, 214, 16),(541, 2, 227, 16),(542, 3, 240, 16),(543, 1, 244, 16),(544, 4, 245, 16),(545, 4, 255, 16),(546, 2, 256, 16),(547, 2, 260, 16),(548, 3, 261, 16),(549, 1, 268, 16),(550, 1, 274, 16),(551, 2, 277, 16),(552, 2, 294, 16),(553, 3, 294, 16),(554, 1, 298, 16),(555, 2, 2, 17),(556, 1, 14, 17),(557, 3, 15, 17),(558, 1, 37, 17),(559, 1, 44, 17),(560, 4, 46, 17),(561, 1, 47, 17),(562, 2, 51, 17),(563, 5, 53, 17),(564, 5, 79, 17),(565, 1, 89, 17),(566, 2, 114, 17),(567, 3, 141, 17),(568, 1, 159, 17),(569, 1, 162, 17),(570, 4, 176, 17),(571, 1, 177, 17),(572, 1, 181, 17),(574, 3, 191, 17),(575, 5, 197, 17),(576, 1, 208, 17),(577, 4, 213, 17),(578, 2, 214, 17),(579, 2, 220, 17),(581, 2, 236, 17),(582, 4, 236, 17),(583, 5, 240, 17),(584, 1, 252, 17),(585, 3, 252, 17),(586, 1, 258, 17),(587, 3, 269, 17),(588, 4, 270, 17),(589, 1, 276, 17),(590, 5, 278, 17),(591, 2, 282, 17),(592, 4, 292, 17),(593, 1, 5, 18),(594, 5, 5, 18),(595, 2, 10, 18),(596, 1, 76, 18),(597, 2, 76, 18),(598, 3, 82, 18),(599, 1, 98, 18),(600, 2, 112, 18),(601, 3, 135, 18),(602, 2, 136, 18),(603, 3, 136, 18),(604, 3, 137, 18),(605, 2, 158, 18),(606, 2, 159, 18),(607, 3, 159, 18),(608, 4, 162, 18),(609, 2, 170, 18),(610, 4, 172, 18),(611, 1, 175, 18),(612, 3, 192, 18),(613, 4, 200, 18),(614, 2, 203, 18),(615, 4, 214, 18),(617, 1, 234, 18),(618, 1, 235, 18),(619, 2, 239, 18),(620, 1, 248, 18),(621, 3, 250, 18),(623, 5, 255, 18),(624, 3, 256, 18),(625, 1, 270, 18),(626, 3, 270, 18),(627, 2, 272, 18),(628, 3, 277, 18),(630, 1, 287, 18),(633, 1, 29, 19),(634, 2, 29, 19),(635, 1, 35, 19),(636, 2, 42, 19),(637, 3, 44, 19),(638, 1, 50, 19),(639, 1, 53, 19),(640, 2, 57, 19),(642, 3, 80, 19),(643, 1, 90, 19),(644, 1, 97, 19),(645, 1, 101, 19),(646, 3, 106, 19),(647, 1, 119, 19),(648, 3, 121, 19),(650, 3, 130, 19),(651, 2, 131, 19),(652, 5, 141, 19),(653, 3, 164, 19),(654, 2, 168, 19),(655, 3, 168, 19),(656, 1, 171, 19),(657, 2, 172, 19),(658, 3, 176, 19),(659, 3, 183, 19),(660, 1, 192, 19),(661, 5, 192, 19),(662, 4, 197, 19),(663, 3, 202, 19),(664, 1, 206, 19),(665, 1, 213, 19),(666, 1, 231, 19),(667, 2, 240, 19),(669, 1, 245, 19),(670, 2, 245, 19),(671, 4, 269, 19),(672, 1, 273, 19),(673, 2, 273, 19),(674, 2, 274, 19),(675, 2, 275, 19),(676, 5, 288, 19),(677, 3, 292, 19),(678, 1, 8, 20),(680, 2, 11, 20),(682, 1, 43, 20),(683, 2, 44, 20),(684, 4, 44, 20),(685, 3, 53, 20),(687, 2, 75, 20),(688, 1, 83, 20),(689, 2, 94, 20),(690, 4, 125, 20),(691, 1, 133, 20),(692, 1, 141, 20),(693, 3, 142, 20),(694, 3, 149, 20),(695, 4, 149, 20),(696, 3, 157, 20),(697, 2, 164, 20),(698, 2, 165, 20),(699, 4, 168, 20),(700, 2, 176, 20),(701, 2, 181, 20),(703, 2, 191, 20),(704, 4, 192, 20),(705, 1, 211, 20),(706, 3, 213, 20),(707, 4, 215, 20),(708, 4, 227, 20),(709, 2, 244, 20),(710, 1, 257, 20),(711, 2, 270, 20),(712, 2, 278, 20),(713, 2, 292, 20);
UNLOCK TABLES;
COMMIT;
BEGIN;
LOCK TABLES `csc206cars`.`parts` WRITE;
DELETE FROM `csc206cars`.`parts`;
INSERT INTO `csc206cars`.`parts` (`partID`,`part_orderID`,`part_number`,`cost`,`description`,`quantity`,`status`) VALUES (4, 9, 'BG-BAE0009', 8.53, 'Front fascia and header panel', 1, 'Installed'),(5, 9, 'BG-BAE0017', 72.54, 'Front spoiler', 1, 'Installed'),(7, 11, 'BG-BAEW0033', 4.83, 'Glass', 1, 'Installed'),(8, 11, 'BG-EAEIS0081', 27.24, 'Ignition controller', 1, 'Installed'),(9, 11, 'BG-ICS0161', 36.44, 'Seat cover', 1, 'Installed'),(10, 12, 'BG-IFCAP0151', 5.61, 'Carpet and other floor material', 1, 'Installed'),(11, 13, 'BG-EAEESS0055', 74.74, 'Battery box', 1, 'Installed'),(12, 13, 'BG-EAEIS0076', 34.03, 'Distributor', 1, 'Installed'),(13, 13, 'BG-EAES0112', 25.38, 'IMA sensor', 1, 'Received'),(14, 13, 'BG-EAEWH0128', 55.92, 'Air conditioning harness', 2, 'Installed'),(15, 14, 'BG-BAE0018', 9.92, 'Rear spoiler', 1, 'Ordered'),(16, 14, 'BG-BAED0028', 86.07, 'Door watershield', 2, 'Installed'),(17, 14, 'BG-EAEESS0060', 96.50, 'Battery tray', 1, 'Received'),(18, 14, 'BG-EAES0107', 115.91, 'Temperature sensor', 1, 'Installed'),(19, 15, 'BG-EAEESS0061', 24.37, 'Voltage regulator', 1, 'Installed'),(20, 15, 'BG-EAEM0149', 1.28, 'Transmission computer', 1, 'Installed'),(21, 15, 'BG-ICS0161', 34.18, 'Seat cover', 2, 'Installed'),(22, 15, 'BG-PACBS0185', 25.74, 'Calibrated friction brake', 2, 'Received'),(27, 17, 'BG-BAED0023', 87.55, 'Door beam and panel', 1, 'Installed'),(28, 17, 'BG-EAEGAM0064', 59.29, 'Dynamometer', 1, 'Installed'),(29, 17, 'BG-EAELASS0083', 149.48, 'Engine bay lighting', 1, 'Installed'),(30, 17, 'BG-EAES0094', 26.01, 'Anti-pinch sensor', 1, 'Installed'),(31, 18, 'BG-EAES0103', 59.99, 'Power-steering pressure sensor', 2, 'Installed'),(32, 18, 'BG-PACBS0175', 61.25, 'Brake pedal', 1, 'Installed'),(33, 19, 'BG-PACBS0197', 43.93, 'Metering valve', 1, 'Installed'),(34, 20, 'BG-EAEM0132', 46.19, 'Air bag control module', 1, 'Installed'),(35, 20, 'BG-PACBS0183', 91.00, 'Shoe web', 2, 'Installed'),(36, 20, 'BG-PACBS0184', 75.04, 'Brake warning light', 1, 'Installed'),(37, 21, 'BG-PACBS0168', 52.89, 'Brake backing plate', 1, 'Installed'),(38, 22, 'BG-EAEGAM0073', 37.07, 'Voltmeter', 1, 'Received'),(39, 22, 'BG-ICS0155', 3.39, 'Bucket Seat', 1, 'Ordered'),(40, 23, 'BG-EAEM0132', 53.30, 'Air bag control module', 2, 'Installed'),(41, 23, 'BG-EAESS0115', 24.06, 'Starter', 2, 'Installed'),(42, 23, 'BG-PACBS0186', 15.23, 'Caliper', 1, 'Installed'),(43, 24, 'BG-BAE0002', 96.92, 'Unexposed bumper', 1, 'Installed'),(44, 24, 'BG-EAELASS0091', 102.93, 'Tail light', 1, 'Installed'),(45, 24, 'BG-ICS0160', 45.79, 'Seat bracket', 1, 'Installed'),(46, 25, 'BG-BAE0019', 23.70, 'Trim package', 3, 'Received'),(47, 25, 'BG-EAEAD0041', 44.95, 'Antenna assembly', 1, 'Received'),(48, 25, 'BG-EAEM0133', 37.11, 'Alarm and siren', 1, 'Installed'),(49, 25, 'BG-EAES0114', 12.54, 'ABS sensor', 4, 'Ordered'),(50, 26, 'BG-BAE0013', 124.65, 'Radiator core support', 2, 'Installed'),(51, 26, 'BG-PACBS0166', 39.08, 'Anchor', 4, 'Installed'),(52, 27, 'BG-BAE0001', 1.15, 'Bumper', 1, 'Ordered'),(53, 27, 'BG-BAE0013', 38.45, 'Radiator core support', 2, 'Ordered'),(54, 28, 'BG-EAEESS0059', 54.12, 'Battery plate', 1, 'Installed'),(55, 28, 'BG-EAEM0138', 48.48, 'Engine computer and management system', 2, 'Installed'),(56, 29, 'BG-BAE0006', 23.82, 'Fascia rear and support', 1, 'Installed'),(57, 29, 'BG-BAE0011', 3.95, 'Pillar and hard trim', 2, 'Ordered'),(58, 29, 'BG-EAEM0136', 38.96, 'Cruise control computer', 1, 'Received'),(59, 29, 'BG-EAEWH0128', 34.45, 'Air conditioning harness', 1, 'Ordered'),(60, 30, 'BG-EAEM0140', 15.68, 'Fuse', 2, 'Installed'),(61, 30, 'BG-EAEWH0128', 17.68, 'Air conditioning harness', 1, 'Installed'),(62, 31, 'BG-EAEM0137', 22.80, 'Door contact', 1, 'Received'),(63, 31, 'BG-EAES0102', 52.39, 'Oxygen sensor', 1, 'Received'),(64, 31, 'BG-ICS0153', 66.22, 'Armrest', 1, 'Received'),(65, 32, 'BG-EAES0113', 15.31, 'Oil level sensor', 1, 'Installed'),(66, 32, 'BG-PACBS0182', 20.11, 'Brake lining', 1, 'Installed'),(67, 33, 'BG-BAEW0035', 0.49, 'Sunroof motor', 1, 'Ordered'),(68, 33, 'BG-EAEWH0131', 33.43, 'Underfloor harness', 4, 'Ordered'),(69, 33, 'BG-ICS0157', 35.82, 'Fastener', 1, 'Installed'),(70, 33, 'BG-PACBS0183', 11.04, 'Shoe web', 2, 'Installed'),(71, 34, 'BG-PACBS0178', 115.82, 'Brake roll', 1, 'Installed'),(72, 35, 'BG-BAE0000', 39.40, 'Bonnet/hood', 1, 'Installed'),(73, 35, 'BG-EAECS0049', 47.59, 'Alternator bearing', 1, 'Installed'),(74, 35, 'BG-EAEM0143', 31.82, 'Performance Monitor', 4, 'Installed'),(75, 35, 'BG-PACBS0184', 50.69, 'Brake warning light', 1, 'Installed'),(76, 36, 'BG-BAE0011', 45.68, 'Pillar and hard trim', 1, 'Installed'),(77, 36, 'BG-EAES0102', 22.47, 'Oxygen sensor', 3, 'Installed'),(78, 36, 'BG-EAES0104', 25.85, 'Pressure sensor', 1, 'Installed'),(79, 36, 'BG-PACBS0166', 69.36, 'Anchor', 1, 'Installed'),(80, 37, 'BG-BAE0008', 14.55, 'Front clip', 1, 'Installed'),(81, 37, 'BG-EAES0096', 29.28, 'Crankshaft position sensor', 1, 'Installed'),(82, 37, 'BG-PACBS0196', 36.72, 'Master Cylinder', 1, 'Installed'),(86, 39, 'BG-BAE0014', 82.14, 'Rocker panel', 2, 'Installed'),(87, 39, 'BG-EAES0096', 11.38, 'Crankshaft position sensor', 4, 'Installed'),(88, 40, 'BG-EAECS0051', 91.60, 'Alternator fan', 1, 'Installed'),(89, 40, 'BG-IFCAP0152', 120.75, 'Center console', 1, 'Ordered'),(90, 40, 'BG-PACBS0189', 2.75, 'Hold-down springs', 1, 'Received'),(91, 40, 'BG-PACBS0190', 142.64, 'Hose', 1, 'Installed'),(92, 41, 'BG-EAELASS0087', 14.14, 'Headlight motor', 1, 'Received'),(93, 42, 'BG-BAE0001', 20.32, 'Bumper', 2, 'Received'),(94, 42, 'BG-BAEW0040', 0.95, 'Window seal', 1, 'Received'),(95, 42, 'BG-EAEESS0056', 3.63, 'Battery cable terminal', 1, 'Ordered'),(96, 42, 'BG-PACBS0172', 13.82, 'Brake drum', 2, 'Installed'),(101, 44, 'DN-BAE0022', 27.67, 'Welded assembly', 1, 'Installed'),(102, 44, 'DN-EAEESS0054', 11.02, 'Performance battery', 1, 'Installed'),(103, 44, 'DN-PACBS0174', 34.08, 'Brake pad', 1, 'Installed'),(104, 45, 'DN-EAEAD0045', 37.35, 'Speaker', 1, 'Installed'),(105, 45, 'DN-EAELASS0092', 20.94, 'Tail light cover', 1, 'Installed'),(106, 45, 'DN-EAES0100', 27.61, 'Light sensor', 1, 'Installed'),(107, 45, 'DN-PACBS0196', 37.83, 'Master Cylinder', 1, 'Installed'),(111, 48, 'DN-EAEGAM0065', 42.11, 'Fuel gauge', 1, 'Installed'),(112, 48, 'DN-EAEGAM0072', 64.56, 'Vacuum gauge', 2, 'Installed'),(113, 48, 'DN-PACBS0165', 43.97, 'Adjusting mechanism', 5, 'Installed'),(114, 49, 'DN-BAE0012', 22.31, 'Quarter panel', 4, 'Ordered'),(115, 49, 'DN-BAED0030', 12.72, 'Door and bonnet', 1, 'Ordered'),(116, 49, 'DN-EAEIS0077', 55.25, 'Electronic timing controller', 1, 'Ordered'),(117, 50, 'DN-EAEM0132', 43.57, 'Air bag control module', 1, 'Installed'),(118, 50, 'DN-EAEM0142', 9.60, 'Performance chip', 1, 'Installed'),(119, 51, 'DN-PACBS0195', 100.25, 'Load-sensing valve', 1, 'Installed'),(120, 52, 'DN-BAED0030', 27.66, 'Door and bonnet', 3, 'Installed'),(121, 52, 'DN-BAED0031', 23.89, 'Lock', 5, 'Installed'),(122, 52, 'DN-EAELASS0089', 65.87, 'License plate lamp', 1, 'Installed'),(123, 52, 'DN-EAEM0140', 74.06, 'Fuse', 1, 'Installed'),(124, 53, 'DN-BAE0001', 15.74, 'Bumper', 1, 'Received'),(125, 53, 'DN-BAED0025', 31.95, 'Inner door handle', 4, 'Ordered'),(126, 53, 'DN-EAEESS0055', 20.24, 'Battery box', 1, 'Received'),(127, 53, 'DN-EAEESS0061', 17.72, 'Voltage regulator', 1, 'Ordered'),(128, 54, 'DN-BAE0007', 35.97, 'Fender Musical Instruments Corporation', 1, 'Installed'),(129, 54, 'DN-EAEAD0044', 44.46, 'Other devices', 2, 'Received'),(130, 54, 'DN-ICS0156', 15.41, 'Children and baby car seat', 1, 'Installed'),(131, 54, 'DN-ICS0159', 38.43, 'Seat Belt', 1, 'Installed'),(135, 56, 'DN-PACBS0172', 24.25, 'Brake drum', 1, 'Ordered'),(136, 56, 'DN-PACBS0181', 57.35, 'Brake shoe', 1, 'Ordered'),(137, 57, 'DN-EAEIS0079', 94.91, 'Ignition Coil', 1, 'Installed'),(138, 58, 'DN-BAE0006', 48.59, 'Fascia rear and support', 1, 'Received'),(139, 58, 'DN-EAEM0136', 57.96, 'Cruise control computer', 1, 'Ordered'),(140, 58, 'DN-PACBS0183', 35.43, 'Shoe web', 1, 'Received'),(141, 59, 'DN-EAEIS0078', 79.19, 'Ignition box', 4, 'Installed'),(142, 59, 'DN-EAES0124', 6.90, 'Switch cover', 1, 'Installed'),(143, 59, 'DN-ICS0162', 76.92, 'Seat track', 1, 'Installed'),(144, 59, 'DN-PACBS0177', 63.55, 'Brake pump', 1, 'Installed'),(147, 61, 'DN-EAEESS0054', 53.08, 'Performance battery', 1, 'Installed'),(148, 61, 'DN-PACBS0190', 8.71, 'Hose', 1, 'Installed'),(149, 62, 'DN-BAEW0040', 8.06, 'Window seal', 1, 'Installed'),(150, 62, 'DN-EAEM0146', 67.23, 'Shift improver', 1, 'Installed'),(151, 62, 'DN-PACBS0194', 58.70, 'Hydraulic booster unit', 5, 'Installed'),(152, 63, 'DN-BAE0003', 72.93, 'Exposed bumper', 1, 'Received'),(153, 63, 'DN-BAE0012', 22.68, 'Quarter panel', 1, 'Ordered'),(154, 63, 'DN-EAEGAM0068', 21.18, 'Speedometer', 1, 'Ordered'),(155, 64, 'DN-EAES0110', 75.71, 'TDC sensor', 1, 'Received'),(156, 65, 'DN-EAELASS0087', 53.52, 'Headlight motor', 1, 'Installed'),(157, 65, 'DN-EAES0098', 67.67, 'Fuel level sensor', 1, 'Installed'),(158, 66, 'DN-EAEAD0041', 0.90, 'Antenna assembly', 1, 'Installed'),(159, 66, 'DN-EAEGAM0069', 37.13, 'Tachometer', 1, 'Installed'),(160, 66, 'DN-EAES0121', 17.50, 'Ignition Switch', 1, 'Installed'),(161, 67, 'DN-EAEESS0060', 41.47, 'Battery tray', 1, 'Installed'),(162, 67, 'DN-EAEIS0081', 1.25, 'Ignition controller', 1, 'Installed'),(163, 67, 'DN-EAEM0150', 3.64, 'Wiring connector', 1, 'Installed'),(164, 67, 'DN-PACBS0179', 28.27, 'Brake rotor', 1, 'Installed'),(165, 68, 'DN-EAES0124', 27.82, 'Switch cover', 1, 'Ordered'),(166, 68, 'DN-EAESS0119', 38.15, 'Spark Plug', 1, 'Ordered'),(167, 68, 'DN-PACBS0198', 41.54, 'Other braking system parts', 1, 'Ordered'),(168, 69, 'DN-EAELASS0088', 15.51, 'Interior light and lamp', 1, 'Installed'),(169, 69, 'DN-EAEM0147', 17.71, 'Speed controller', 1, 'Installed'),(170, 69, 'DN-EAES0100', 25.23, 'Light sensor', 1, 'Installed'),(171, 69, 'DN-PACBS0198', 18.94, 'Other braking system parts', 4, 'Installed'),(172, 70, 'DN-EAEGAM0066', 52.41, 'Hydrometer', 1, 'Installed'),(173, 70, 'DN-EAES0106', 55.07, 'Rotational sensor', 1, 'Installed'),(174, 70, 'DN-EAEWH0131', 7.45, 'Underfloor harness', 1, 'Installed'),(175, 70, 'DN-PACBS0198', 0.21, 'Other braking system parts', 1, 'Installed'),(176, 71, 'DN-PACBS0168', 24.49, 'Brake backing plate', 1, 'Installed'),(177, 72, 'DN-EAES0122', 31.37, 'Power window switch', 4, 'Installed'),(178, 72, 'DN-IFCAP0151', 25.04, 'Carpet and other floor material', 1, 'Installed'),(179, 73, 'DN-EAEGAM0068', 76.99, 'Speedometer', 1, 'Installed'),(180, 73, 'DN-EAEM0132', 11.27, 'Air bag control module', 1, 'Installed'),(181, 73, 'DN-EAEM0147', 10.95, 'Speed controller', 1, 'Installed'),(182, 73, 'DN-PACBS0192', 40.81, 'Air brake nylon hose', 1, 'Installed'),(183, 74, 'DN-BAED0030', 33.29, 'Door and bonnet', 1, 'Installed'),(184, 74, 'DN-EAECS0051', 31.65, 'Alternator fan', 1, 'Installed'),(185, 74, 'DN-EAEESS0058', 26.57, 'Battery control system', 1, 'Installed'),(186, 74, 'DN-EAES0109', 27.25, 'ABS brack sensor', 4, 'Installed'),(187, 75, 'DN-EAELASS0087', 8.53, 'Headlight motor', 1, 'Installed'),(188, 75, 'DN-EAEM0136', 25.89, 'Cruise control computer', 1, 'Installed'),(189, 75, 'DN-EAES0100', 25.87, 'Light sensor', 1, 'Installed'),(190, 75, 'DN-EAES0124', 37.07, 'Switch cover', 1, 'Installed'),(191, 76, 'DN-EAES0093', 13.42, 'Airbag sensor', 1, 'Installed'),(192, 76, 'DN-EAES0110', 14.44, 'TDC sensor', 1, 'Installed'),(193, 76, 'DN-PACBS0169', 16.90, 'Brake backing pad', 3, 'Installed'),(194, 77, 'DN-EAEGAM0065', 71.73, 'Fuel gauge', 1, 'Received'),(195, 77, 'DN-EAEM0142', 29.68, 'Performance chip', 1, 'Received'),(196, 77, 'DN-EAES0113', 4.18, 'Oil level sensor', 1, 'Installed'),(197, 77, 'DN-EAESS0119', 13.09, 'Spark Plug', 1, 'Ordered'),(198, 78, 'DN-BAE0019', 73.45, 'Trim package', 1, 'Installed'),(199, 78, 'DN-EAEGAM0068', 48.30, 'Speedometer', 1, 'Installed'),(200, 79, 'DN-EAEAD0044', 28.32, 'Other devices', 1, 'Installed'),(201, 79, 'DN-EAEIS0078', 71.51, 'Ignition box', 1, 'Installed'),(202, 79, 'DN-EAES0099', 35.52, 'Knock sensor', 1, 'Installed'),(203, 79, 'DN-PACBS0174', 80.21, 'Brake pad', 4, 'Installed'),(204, 80, 'DN-BAE0007', 74.57, 'Fender Musical Instruments Corporation', 1, 'Installed'),(205, 80, 'DN-EAECS0049', 37.22, 'Alternator bearing', 1, 'Installed'),(206, 80, 'DN-EAEM0135', 61.98, 'Chassis control computer', 4, 'Installed'),(207, 80, 'DN-PACBS0183', 76.67, 'Shoe web', 3, 'Installed'),(208, 81, 'DH-EAEESS0057', 89.82, 'Battery cable', 1, 'Installed'),(209, 81, 'DH-EAEM0134', 36.80, 'Central locking system', 4, 'Installed'),(210, 82, 'DH-EAEGAM0064', 23.62, 'Dynamometer', 1, 'Installed'),(211, 83, 'DH-BAEW0037', 34.45, 'Window regulator', 1, 'Received'),(212, 83, 'DH-PACBS0174', 54.42, 'Brake pad', 1, 'Received'),(213, 84, 'DH-BAE0011', 54.79, 'Pillar and hard trim', 1, 'Installed'),(214, 84, 'DH-EAES0107', 44.27, 'Temperature sensor', 1, 'Installed'),(215, 85, 'DH-EAEIS0075', 83.03, 'Coil wire', 1, 'Ordered'),(219, 87, 'DH-PACBS0169', 7.00, 'Brake backing pad', 2, 'Installed'),(220, 88, 'DH-EAEGAM0074', 18.41, 'Water temperature meter', 1, 'Ordered'),(221, 88, 'DH-EAES0111', 88.93, 'MAP sensor', 1, 'Received'),(222, 88, 'DH-EAES0121', 31.13, 'Ignition Switch', 1, 'Ordered'),(223, 89, 'DH-EAEM0134', 28.99, 'Central locking system', 1, 'Installed'),(224, 89, 'DH-EAEM0149', 36.21, 'Transmission computer', 4, 'Installed'),(229, 91, 'DH-BAE0008', 141.48, 'Front clip', 4, 'Installed'),(230, 91, 'DH-EAES0109', 68.69, 'ABS brack sensor', 1, 'Installed'),(231, 91, 'DH-EAES0112', 97.21, 'IMA sensor', 1, 'Installed'),(232, 92, 'DH-BAE0019', 27.20, 'Trim package', 1, 'Installed'),(233, 92, 'DH-EAEGAM0072', 43.63, 'Vacuum gauge', 1, 'Installed'),(234, 93, 'DH-EAEGAM0068', 12.76, 'Speedometer', 1, 'Installed'),(235, 93, 'DH-EAEWH0130', 16.12, 'Interior harness', 1, 'Installed'),(236, 93, 'DH-ICS0158', 3.03, 'Headrest', 1, 'Installed'),(237, 93, 'DH-PACBS0196', 42.00, 'Master Cylinder', 1, 'Installed'),(238, 94, 'DH-BAE0016', 50.66, 'Spoiler', 1, 'Received'),(239, 94, 'DH-PACBS0185', 57.54, 'Calibrated friction brake', 1, 'Installed'),(240, 95, 'DH-EAEM0147', 3.56, 'Speed controller', 1, 'Installed'),(241, 95, 'DH-EAES0104', 2.51, 'Pressure sensor', 4, 'Installed'),(242, 95, 'DH-IFCAP0151', 43.91, 'Carpet and other floor material', 1, 'Installed'),(243, 96, 'DH-BAE0009', 88.49, 'Front fascia and header panel', 1, 'Received'),(244, 96, 'DH-EAEM0145', 5.52, 'Remote lock', 1, 'Received'),(245, 96, 'DH-EAEM0147', 71.65, 'Speed controller', 1, 'Ordered'),(246, 96, 'DH-EAES0120', 1.87, 'Door switch', 1, 'Ordered'),(247, 97, 'DH-EAES0108', 147.50, 'Transmission input and output sensor', 1, 'Ordered'),(248, 97, 'DH-EAES0126', 204.48, 'Thermostat', 1, 'Ordered'),(249, 98, 'DH-BAEW0035', 76.86, 'Sunroof motor', 2, 'Installed'),(250, 98, 'DH-EAEESS0054', 90.04, 'Performance battery', 1, 'Installed'),(251, 98, 'DH-ICS0157', 43.68, 'Fastener', 1, 'Installed'),(252, 99, 'DH-EAEGAM0071', 13.49, 'Tire pressure gauge', 5, 'Installed'),(253, 99, 'DH-EAELASS0090', 38.09, 'Side lighting', 1, 'Installed'),(254, 99, 'DH-PACBS0195', 32.24, 'Load-sensing valve', 1, 'Installed'),(255, 100, 'DH-BAEW0037', 56.80, 'Window regulator', 1, 'Installed'),(256, 100, 'DH-EAEGAM0063', 85.17, 'Clinometer', 1, 'Ordered'),(257, 100, 'DH-PACBS0167', 34.10, 'Bleed nipple', 2, 'Ordered'),(258, 100, 'DH-PACBS0178', 79.94, 'Brake roll', 1, 'Ordered'),(259, 101, 'DH-BAE0017', 60.65, 'Front spoiler', 1, 'Received'),(260, 101, 'DH-EAEGAM0070', 125.02, 'Temperature gauge', 1, 'Installed'),(261, 101, 'DH-EAES0109', 114.81, 'ABS brack sensor', 1, 'Received'),(262, 101, 'DH-EAES0125', 15.71, 'Switch panel', 1, 'Received'),(263, 102, 'DH-EAEGAM0073', 10.28, 'Voltmeter', 1, 'Installed'),(264, 102, 'DH-EAELASS0092', 1.18, 'Tail light cover', 1, 'Installed'),(265, 102, 'DH-PACBS0198', 53.47, 'Other braking system parts', 1, 'Installed'),(266, 103, 'DH-BAEW0033', 18.37, 'Glass', 1, 'Installed'),(267, 103, 'DH-EAECS0051', 40.42, 'Alternator fan', 1, 'Installed'),(268, 103, 'DH-EAEGAM0066', 32.08, 'Hydrometer', 1, 'Installed'),(269, 103, 'DH-EAES0108', 24.80, 'Transmission input and output sensor', 1, 'Installed'),(270, 104, 'DH-BAE0015', 1.92, 'Roof Rack', 1, 'Installed'),(271, 104, 'DH-BAED0032', 37.30, 'Centre Locking', 1, 'Installed'),(272, 104, 'DH-BAEW0040', 83.74, 'Window seal', 1, 'Installed'),(273, 105, 'DH-BAEW0035', 82.42, 'Sunroof motor', 1, 'Received'),(274, 105, 'DH-EAEM0135', 37.19, 'Chassis control computer', 1, 'Received'),(275, 105, 'DH-IFCAP0152', 107.60, 'Center console', 1, 'Installed'),(276, 105, 'DH-PACBS0174', 100.52, 'Brake pad', 1, 'Installed'),(277, 106, 'DH-ICS0156', 3.57, 'Children and baby car seat', 1, 'Received'),(278, 106, 'DH-ICS0157', 63.42, 'Fastener', 1, 'Installed'),(279, 106, 'DH-PACBS0171', 8.74, 'Brake disc', 1, 'Received'),(280, 107, 'DH-EAELASS0090', 26.52, 'Side lighting', 3, 'Installed'),(281, 107, 'DH-EAEM0144', 51.27, 'Relay connector', 2, 'Installed'),(282, 107, 'DH-PACBS0164', 87.15, 'ABS steel pin', 1, 'Installed'),(283, 107, 'DH-PACBS0193', 104.02, 'Brake duct hose', 1, 'Installed'),(284, 108, 'DH-BAED0028', 23.40, 'Door watershield', 1, 'Installed'),(285, 108, 'DH-EAES0105', 11.44, 'Rain sensor', 1, 'Installed'),(286, 109, 'DH-PACBS0182', 42.08, 'Brake lining', 3, 'Received'),(287, 110, 'DH-BAEW0034', 13.97, 'Sunroof', 1, 'Installed'),(288, 110, 'DH-EAECS0048', 5.21, 'Alternator', 1, 'Installed'),(289, 110, 'DH-EAES0108', 13.29, 'Transmission input and output sensor', 1, 'Installed'),(290, 110, 'DH-EAES0124', 32.16, 'Switch cover', 1, 'Installed'),(291, 111, 'DH-EAES0113', 165.97, 'Oil level sensor', 1, 'Installed'),(292, 112, 'DI-EAEM0149', 64.36, 'Transmission computer', 1, 'Received'),(293, 112, 'DI-ICS0153', 21.74, 'Armrest', 2, 'Received'),(294, 113, 'DI-EAES0095', 42.72, 'Camshaft position sensor', 1, 'Installed'),(295, 114, 'DI-EAESS0115', 54.61, 'Starter', 1, 'Installed'),(296, 115, 'DI-EAEM0139', 63.63, 'Engine control unit', 1, 'Installed'),(297, 115, 'DI-EAES0127', 79.87, 'Frame Switch', 1, 'Installed'),(298, 115, 'DI-ICS0153', 21.58, 'Armrest', 1, 'Installed'),(299, 115, 'DI-PACBS0173', 28.55, 'Brake line', 1, 'Installed'),(300, 116, 'DI-EAES0124', 119.03, 'Switch cover', 1, 'Installed'),(301, 116, 'DI-PACBS0197', 138.03, 'Metering valve', 2, 'Installed'),(302, 117, 'DI-EAEGAM0072', 44.31, 'Vacuum gauge', 1, 'Installed'),(303, 117, 'DI-PACBS0191', 9.18, 'Brake booster hose', 1, 'Ordered'),(308, 119, 'DI-EAELASS0090', 33.09, 'Side lighting', 1, 'Ordered'),(309, 119, 'DI-PACBS0178', 26.47, 'Brake roll', 1, 'Ordered'),(310, 120, 'DI-BAED0029', 1.24, 'Hinge', 4, 'Installed'),(311, 120, 'DI-EAES0097', 18.25, 'Engine sensor', 1, 'Installed'),(312, 121, 'DI-BAE0009', 100.01, 'Front fascia and header panel', 2, 'Received'),(313, 121, 'DI-EAEM0137', 76.91, 'Door contact', 5, 'Installed'),(314, 121, 'DI-PACBS0172', 99.58, 'Brake drum', 1, 'Installed'),(317, 123, 'DI-EAEGAM0071', 31.00, 'Tire pressure gauge', 1, 'Installed'),(318, 124, 'DI-BAED0028', 19.31, 'Door watershield', 1, 'Installed'),(319, 125, 'DI-BAEW0035', 85.05, 'Sunroof motor', 1, 'Installed'),(320, 125, 'DI-EAELASS0089', 72.42, 'License plate lamp', 1, 'Installed'),(321, 125, 'DI-EAES0099', 36.88, 'Knock sensor', 1, 'Installed'),(322, 125, 'DI-PACBS0179', 41.49, 'Brake rotor', 1, 'Installed'),(323, 126, 'DI-EAES0095', 11.38, 'Camshaft position sensor', 1, 'Installed'),(324, 127, 'DI-BAED0029', 56.98, 'Hinge', 1, 'Installed'),(325, 127, 'DI-EAEESS0060', 17.56, 'Battery tray', 2, 'Installed'),(326, 128, 'DI-PACBS0163', 16.05, 'Anti-lock braking system', 1, 'Installed'),(327, 129, 'DI-EAEGAM0067', 116.22, 'Odometer', 2, 'Installed'),(328, 130, 'DI-EAES0104', 32.39, 'Pressure sensor', 1, 'Installed'),(329, 131, 'DI-BAE0017', 42.65, 'Front spoiler', 1, 'Installed'),(330, 131, 'DI-EAEGAM0073', 15.05, 'Voltmeter', 1, 'Installed'),(331, 131, 'DI-EAES0094', 127.92, 'Anti-pinch sensor', 1, 'Installed'),(332, 131, 'DI-PACBS0179', 150.13, 'Brake rotor', 1, 'Installed'),(333, 132, 'DI-BAE0011', 52.96, 'Pillar and hard trim', 2, 'Installed'),(334, 132, 'DI-BAED0027', 37.41, 'Door seal', 1, 'Installed'),(335, 132, 'DI-EAEIS0075', 23.10, 'Coil wire', 1, 'Installed'),(336, 133, 'DI-EAECS0052', 4.23, 'Other alternator parts', 1, 'Installed'),(337, 133, 'DI-EAEM0145', 34.11, 'Remote lock', 3, 'Installed'),(338, 133, 'DI-PACBS0175', 47.15, 'Brake pedal', 3, 'Installed'),(339, 133, 'DI-PACBS0179', 37.60, 'Brake rotor', 1, 'Installed'),(340, 134, 'DI-BAE0008', 139.48, 'Front clip', 2, 'Installed'),(341, 134, 'DI-IFCAP0151', 122.56, 'Carpet and other floor material', 1, 'Installed'),(342, 135, 'DI-EAECS0051', 109.88, 'Alternator fan', 1, 'Installed'),(343, 135, 'DI-PACBS0185', 15.69, 'Calibrated friction brake', 1, 'Installed'),(344, 136, 'DI-BAE0002', 33.02, 'Unexposed bumper', 1, 'Installed'),(345, 137, 'DI-BAED0023', 108.50, 'Door beam and panel', 1, 'Received'),(346, 137, 'DI-EAEESS0057', 11.40, 'Battery cable', 1, 'Installed'),(347, 137, 'DI-EAEIS0076', 86.78, 'Distributor', 1, 'Received'),(348, 137, 'DI-PACBS0172', 58.90, 'Brake drum', 1, 'Installed'),(349, 138, 'DI-ICS0159', 28.89, 'Seat Belt', 2, 'Received'),(350, 138, 'DI-PACBS0163', 107.35, 'Anti-lock braking system', 1, 'Installed'),(351, 138, 'DI-PACBS0170', 13.64, 'Brake cooling duct', 3, 'Ordered'),(352, 139, 'DI-EAEM0137', 92.45, 'Door contact', 1, 'Installed'),(353, 139, 'DI-EAES0104', 60.09, 'Pressure sensor', 2, 'Ordered'),(354, 139, 'DI-ICS0159', 87.80, 'Seat Belt', 1, 'Ordered'),(355, 140, 'DI-BAE0013', 39.97, 'Radiator core support', 1, 'Installed'),(356, 140, 'DI-EAEESS0059', 30.40, 'Battery plate', 1, 'Installed'),(357, 140, 'DI-EAEGAM0067', 5.76, 'Odometer', 1, 'Ordered'),(358, 141, 'DI-BAE0020', 123.79, 'Trunk', 1, 'Installed'),(359, 142, 'DI-EAES0110', 93.25, 'TDC sensor', 4, 'Installed'),(360, 143, 'DI-EAES0105', 32.14, 'Rain sensor', 1, 'Ordered'),(361, 144, 'DI-BAE0007', 33.72, 'Fender Musical Instruments Corporation', 1, 'Ordered'),(362, 144, 'DI-EAEESS0055', 21.55, 'Battery box', 1, 'Installed'),(363, 144, 'DI-EAEGAM0072', 8.17, 'Vacuum gauge', 1, 'Received'),(364, 145, 'DI-BAE0008', 76.56, 'Front clip', 2, 'Installed'),(365, 146, 'DI-EAECS0052', 25.31, 'Other alternator parts', 4, 'Installed'),(366, 146, 'DI-EAES0093', 68.43, 'Airbag sensor', 1, 'Installed'),(367, 146, 'DI-ICS0159', 35.65, 'Seat Belt', 3, 'Installed'),(368, 147, 'DI-EAESS0116', 67.55, 'Starter drive', 3, 'Installed'),(369, 148, 'DI-EAES0114', 113.59, 'ABS sensor', 1, 'Installed'),(376, 151, 'DE-BAED0025', 5.38, 'Inner door handle', 1, 'Installed'),(377, 151, 'DE-EAEIS0076', 22.96, 'Distributor', 1, 'Installed'),(378, 151, 'DE-EAES0110', 0.85, 'TDC sensor', 1, 'Installed'),(379, 151, 'DE-PACBS0177', 27.22, 'Brake pump', 1, 'Installed'),(380, 152, 'DE-EAEESS0057', 82.89, 'Battery cable', 1, 'Installed'),(381, 152, 'DE-EAEGAM0070', 57.35, 'Temperature gauge', 1, 'Installed'),(382, 153, 'DE-BAED0023', 16.58, 'Door beam and panel', 1, 'Ordered'),(383, 153, 'DE-EAELASS0083', 16.22, 'Engine bay lighting', 1, 'Received'),(384, 154, 'DE-EAECS0050', 16.14, 'Alternator bracket', 1, 'Installed'),(385, 154, 'DE-EAEWH0129', 15.86, 'Engine compartment harness', 4, 'Installed'),(386, 154, 'DE-PACBS0183', 17.87, 'Shoe web', 1, 'Installed'),(387, 155, 'DE-EAEM0139', 50.62, 'Engine control unit', 1, 'Installed'),(388, 155, 'DE-PACBS0169', 49.93, 'Brake backing pad', 4, 'Installed'),(389, 156, 'DE-PACBS0169', 50.45, 'Brake backing pad', 1, 'Installed'),(390, 157, 'DE-BAE0021', 21.63, 'Valance', 2, 'Received'),(391, 157, 'DE-EAEM0143', 45.21, 'Performance Monitor', 2, 'Installed'),(392, 157, 'DE-EAEM0144', 104.79, 'Relay connector', 1, 'Installed'),(393, 158, 'DE-EAEM0145', 50.47, 'Remote lock', 3, 'Installed'),(394, 158, 'DE-EAES0110', 93.64, 'TDC sensor', 1, 'Installed'),(395, 158, 'DE-PACBS0170', 104.70, 'Brake cooling duct', 2, 'Installed'),(396, 159, 'DE-EAECS0049', 17.10, 'Alternator bearing', 3, 'Installed'),(397, 159, 'DE-EAEESS0061', 10.22, 'Voltage regulator', 1, 'Installed'),(398, 159, 'DE-ICS0162', 38.93, 'Seat track', 1, 'Installed'),(399, 159, 'DE-PACBS0178', 23.72, 'Brake roll', 1, 'Installed'),(400, 160, 'DE-EAECS0048', 5.07, 'Alternator', 1, 'Received'),(401, 160, 'DE-PACBS0164', 23.63, 'ABS steel pin', 4, 'Ordered'),(402, 160, 'DE-PACBS0190', 19.79, 'Hose', 1, 'Installed'),(403, 161, 'DE-BAE0011', 51.42, 'Pillar and hard trim', 1, 'Installed'),(404, 161, 'DE-EAEGAM0070', 31.96, 'Temperature gauge', 1, 'Installed'),(405, 161, 'DE-EAEIS0078', 4.54, 'Ignition box', 2, 'Installed'),(406, 161, 'DE-EAEM0149', 41.33, 'Transmission computer', 1, 'Installed'),(407, 162, 'DE-EAEAD0041', 14.64, 'Antenna assembly', 4, 'Installed'),(408, 162, 'DE-EAEM0139', 40.23, 'Engine control unit', 1, 'Ordered'),(409, 162, 'DE-PACBS0181', 36.16, 'Brake shoe', 2, 'Installed'),(410, 163, 'DE-EAEGAM0071', 44.76, 'Tire pressure gauge', 1, 'Installed'),(411, 163, 'DE-EAEM0138', 37.38, 'Engine computer and management system', 1, 'Installed'),(412, 163, 'DE-PACBS0165', 0.06, 'Adjusting mechanism', 2, 'Installed'),(413, 164, 'DE-EAES0096', 18.99, 'Crankshaft position sensor', 1, 'Installed'),(414, 165, 'DE-EAEGAM0065', 61.73, 'Fuel gauge', 1, 'Installed'),(415, 165, 'DE-EAES0122', 3.39, 'Power window switch', 1, 'Installed'),(416, 166, 'DE-EAEWH0131', 53.76, 'Underfloor harness', 1, 'Installed'),(417, 166, 'DE-PACBS0177', 5.81, 'Brake pump', 1, 'Installed'),(418, 166, 'DE-PACBS0182', 35.93, 'Brake lining', 2, 'Installed'),(419, 166, 'DE-PACBS0191', 0.93, 'Brake booster hose', 1, 'Installed'),(420, 167, 'DE-BAE0022', 101.56, 'Welded assembly', 1, 'Installed'),(421, 167, 'DE-PACBS0189', 33.69, 'Hold-down springs', 1, 'Installed'),(422, 168, 'DE-PACBS0177', 24.95, 'Brake pump', 1, 'Installed'),(423, 169, 'DE-EAEESS0060', 141.41, 'Battery tray', 1, 'Installed'),(424, 169, 'DE-EAES0101', 136.35, 'Manifold absolute pressure sensor', 1, 'Installed'),(425, 169, 'DE-PACBS0166', 187.34, 'Anchor', 1, 'Installed'),(426, 170, 'DE-EAEESS0056', 89.06, 'Battery cable terminal', 1, 'Received'),(427, 170, 'DE-PACBS0175', 73.78, 'Brake pedal', 3, 'Ordered'),(428, 171, 'DE-ICS0162', 94.64, 'Seat track', 1, 'Installed'),(429, 172, 'DE-EAEM0139', 52.72, 'Engine control unit', 2, 'Installed'),(430, 172, 'DE-EAEM0144', 34.97, 'Relay connector', 1, 'Installed'),(431, 172, 'DE-PACBS0164', 5.79, 'ABS steel pin', 1, 'Installed'),(432, 173, 'DE-BAEW0037', 20.60, 'Window regulator', 1, 'Installed'),(433, 173, 'DE-EAEIS0078', 15.98, 'Ignition box', 1, 'Installed'),(434, 173, 'DE-EAES0100', 17.34, 'Light sensor', 1, 'Installed'),(435, 174, 'DE-EAEESS0054', 2.08, 'Performance battery', 1, 'Ordered'),(436, 174, 'DE-EAEGAM0064', 25.73, 'Dynamometer', 1, 'Installed'),(437, 174, 'DE-EAES0126', 1.00, 'Thermostat', 1, 'Ordered'),(438, 174, 'DE-PACBS0166', 35.47, 'Anchor', 1, 'Received'),(440, 176, 'DE-EAEAD0046', 42.31, 'Tuner', 1, 'Received'),(441, 176, 'DE-EAEIS0079', 81.97, 'Ignition Coil', 1, 'Installed'),(442, 176, 'DE-EAEM0132', 21.70, 'Air bag control module', 1, 'Installed'),(443, 176, 'DE-PACBS0195', 63.13, 'Load-sensing valve', 1, 'Installed'),(444, 177, 'DE-BAE0022', 48.58, 'Welded assembly', 1, 'Installed'),(445, 177, 'DE-EAES0122', 29.96, 'Power window switch', 1, 'Installed'),(446, 178, 'DE-EAES0107', 14.15, 'Temperature sensor', 1, 'Installed'),(447, 178, 'DE-ICS0159', 12.74, 'Seat Belt', 1, 'Installed'),(448, 178, 'DE-PACBS0165', 22.93, 'Adjusting mechanism', 1, 'Installed'),(449, 178, 'DE-PACBS0195', 7.69, 'Load-sensing valve', 2, 'Installed'),(450, 179, 'DE-EAEAD0046', 80.66, 'Tuner', 4, 'Installed'),(451, 179, 'DE-EAECS0048', 38.05, 'Alternator', 1, 'Installed'),(452, 180, 'DE-PACBS0176', 8.87, 'Brake piston', 1, 'Installed'),(453, 181, 'DE-EAEAD0046', 42.13, 'Tuner', 2, 'Installed'),(454, 182, 'DE-EAEESS0056', 8.76, 'Battery cable terminal', 1, 'Installed'),(455, 183, 'DE-BAED0024', 37.91, 'Outer door handle', 1, 'Installed'),(456, 183, 'DE-BAEW0035', 64.67, 'Sunroof motor', 1, 'Installed'),(457, 183, 'DE-EAEESS0054', 63.24, 'Performance battery', 1, 'Installed'),(458, 183, 'DE-PACBS0163', 88.55, 'Anti-lock braking system', 4, 'Installed'),(459, 184, 'FE-EAEAD0044', 27.49, 'Other devices', 1, 'Installed'),(460, 184, 'FE-EAEAD0046', 42.93, 'Tuner', 1, 'Installed'),(463, 186, 'FE-BAEW0038', 84.27, 'Windshield', 1, 'Installed'),(464, 187, 'FE-EAEGAM0069', 69.60, 'Tachometer', 1, 'Received'),(465, 187, 'FE-EAEGAM0070', 73.28, 'Temperature gauge', 1, 'Ordered'),(466, 188, 'FE-BAE0011', 19.79, 'Pillar and hard trim', 1, 'Installed'),(467, 188, 'FE-EAES0100', 216.06, 'Light sensor', 1, 'Installed'),(468, 188, 'FE-EAES0112', 149.57, 'IMA sensor', 1, 'Installed'),(469, 188, 'FE-ICS0157', 157.27, 'Fastener', 1, 'Installed'),(470, 189, 'FE-EAES0102', 107.32, 'Oxygen sensor', 1, 'Installed'),(471, 189, 'FE-PACBS0188', 147.61, 'Dual circuit brake system', 1, 'Installed'),(472, 190, 'FE-BAE0001', 25.85, 'Bumper', 1, 'Installed'),(473, 190, 'FE-EAEGAM0066', 18.83, 'Hydrometer', 1, 'Received'),(474, 190, 'FE-EAES0104', 30.50, 'Pressure sensor', 1, 'Installed'),(475, 190, 'FE-EAES0114', 24.95, 'ABS sensor', 3, 'Ordered'),(476, 191, 'FE-EAEAD0045', 10.05, 'Speaker', 1, 'Ordered'),(477, 191, 'FE-EAEM0147', 11.68, 'Speed controller', 1, 'Received'),(478, 191, 'FE-EAES0121', 15.26, 'Ignition Switch', 1, 'Received'),(479, 191, 'FE-PACBS0192', 2.13, 'Air brake nylon hose', 1, 'Ordered'),(480, 192, 'FE-EAEAD0042', 3.74, 'Antenna cable', 1, 'Ordered'),(481, 192, 'FE-EAEAD0045', 35.01, 'Speaker', 1, 'Ordered'),(482, 192, 'FE-EAESS0116', 18.54, 'Starter drive', 1, 'Received'),(483, 193, 'FE-BAE0008', 85.73, 'Front clip', 1, 'Received'),(484, 193, 'FE-BAED0023', 9.56, 'Door beam and panel', 1, 'Installed'),(485, 194, 'FE-BAED0032', 72.01, 'Centre Locking', 1, 'Received'),(486, 194, 'FE-EAES0108', 38.81, 'Transmission input and output sensor', 1, 'Installed'),(487, 195, 'FE-BAED0031', 84.37, 'Lock', 1, 'Installed'),(488, 195, 'FE-EAES0100', 52.73, 'Light sensor', 1, 'Installed'),(489, 195, 'FE-ICS0160', 75.84, 'Seat bracket', 1, 'Installed'),(490, 195, 'FE-PACBS0198', 96.62, 'Other braking system parts', 1, 'Installed'),(491, 196, 'FE-EAEGAM0067', 5.39, 'Odometer', 1, 'Ordered'),(492, 196, 'FE-EAELASS0091', 31.20, 'Tail light', 1, 'Installed'),(493, 196, 'FE-EAES0096', 4.44, 'Crankshaft position sensor', 1, 'Received'),(494, 197, 'FE-EAEIS0080', 51.17, 'Ignition coil parts', 1, 'Received'),(495, 198, 'FE-BAEW0037', 9.40, 'Window regulator', 3, 'Installed'),(496, 198, 'FE-ICS0155', 25.13, 'Bucket Seat', 4, 'Installed'),(497, 198, 'FE-IFCAP0151', 0.85, 'Carpet and other floor material', 1, 'Installed'),(498, 199, 'FE-EAEESS0061', 33.78, 'Voltage regulator', 1, 'Installed'),(499, 199, 'FE-EAEGAM0063', 7.49, 'Clinometer', 1, 'Installed'),(500, 199, 'FE-EAEGAM0066', 62.10, 'Hydrometer', 1, 'Installed'),(501, 199, 'FE-EAEGAM0067', 28.66, 'Odometer', 1, 'Installed'),(502, 200, 'FE-EAEESS0053', 23.28, 'Battery', 1, 'Installed'),(503, 201, 'FE-BAED0027', 1.61, 'Door seal', 1, 'Installed'),(504, 201, 'FE-EAEAD0047', 16.50, 'Subwoofer', 2, 'Installed'),(505, 201, 'FE-PACBS0189', 26.28, 'Hold-down springs', 1, 'Installed'),(506, 202, 'FE-EAES0098', 38.24, 'Fuel level sensor', 1, 'Installed'),(507, 202, 'FE-PACBS0168', 33.64, 'Brake backing plate', 2, 'Received'),(508, 202, 'FE-PACBS0180', 39.81, 'Brake servo', 1, 'Received'),(509, 203, 'FE-EAES0094', 70.60, 'Anti-pinch sensor', 1, 'Installed'),(510, 203, 'FE-PACBS0171', 28.26, 'Brake disc', 1, 'Installed'),(511, 204, 'FE-EAEM0150', 83.58, 'Wiring connector', 1, 'Installed'),(512, 205, 'FE-BAE0014', 57.47, 'Rocker panel', 1, 'Installed'),(513, 205, 'FE-PACBS0167', 55.34, 'Bleed nipple', 4, 'Installed'),(514, 205, 'FE-PACBS0173', 51.40, 'Brake line', 1, 'Installed'),(515, 206, 'FE-EAEM0146', 93.34, 'Shift improver', 1, 'Received'),(516, 206, 'FE-PACBS0171', 104.70, 'Brake disc', 1, 'Ordered'),(517, 207, 'FE-EAEGAM0063', 5.68, 'Clinometer', 1, 'Ordered'),(518, 208, 'FE-EAEGAM0072', 47.45, 'Vacuum gauge', 1, 'Installed'),(519, 208, 'FE-EAEM0144', 80.35, 'Relay connector', 1, 'Installed'),(520, 208, 'FE-PACBS0168', 109.16, 'Brake backing plate', 1, 'Installed'),(521, 208, 'FE-PACBS0185', 9.54, 'Calibrated friction brake', 1, 'Installed'),(522, 209, 'FE-BAED0028', 15.26, 'Door watershield', 1, 'Received'),(523, 210, 'FE-EAEESS0054', 36.16, 'Performance battery', 1, 'Installed'),(524, 210, 'FE-EAEESS0055', 29.09, 'Battery box', 2, 'Installed'),(525, 210, 'FE-EAEM0137', 35.68, 'Door contact', 2, 'Installed'),(526, 210, 'FE-EAES0121', 18.58, 'Ignition Switch', 1, 'Installed'),(527, 211, 'FE-EAECS0048', 15.98, 'Alternator', 1, 'Installed'),(528, 211, 'FE-EAECS0052', 10.19, 'Other alternator parts', 1, 'Ordered'),(529, 211, 'FE-EAEGAM0067', 24.08, 'Odometer', 1, 'Installed'),(530, 211, 'FE-PACBS0187', 3.07, 'Combination valve', 1, 'Received'),(532, 213, 'FE-EAEAD0043', 61.37, 'Radio and media player', 4, 'Installed'),(533, 213, 'FE-EAEESS0054', 51.69, 'Performance battery', 1, 'Installed'),(534, 214, 'FE-BAE0017', 27.34, 'Front spoiler', 1, 'Installed'),(535, 214, 'FE-EAES0101', 25.74, 'Manifold absolute pressure sensor', 1, 'Received'),(536, 215, 'FE-BAED0028', 18.98, 'Door watershield', 1, 'Installed'),(537, 215, 'FE-EAEAD0043', 25.00, 'Radio and media player', 1, 'Installed'),(538, 215, 'FE-EAEM0134', 8.21, 'Central locking system', 2, 'Installed'),(539, 215, 'FE-PACBS0166', 2.27, 'Anchor', 1, 'Installed'),(540, 216, 'FE-10141', 40.05, 'Fuse Box: The Alternative Tribute', 1, 'Ordered'),(541, 216, 'FE-BAEW0039', 2.69, 'Windshield washer motor', 1, 'Installed'),(542, 216, 'FE-EAECS0052', 128.93, 'Other alternator parts', 1, 'Ordered'),(543, 216, 'FE-EAES0097', 79.60, 'Engine sensor', 1, 'Installed'),(544, 217, 'FE-EAEESS0059', 138.45, 'Battery plate', 2, 'Installed'),(545, 217, 'FE-EAEWH0129', 7.17, 'Engine compartment harness', 1, 'Installed'),(546, 218, 'FE-EAEESS0060', 72.72, 'Battery tray', 1, 'Installed'),(547, 219, 'FE-EAECS0050', 161.92, 'Alternator bracket', 1, 'Installed'),(548, 220, 'GS-BAED0025', 72.78, 'Inner door handle', 1, 'Ordered'),(549, 220, 'GS-BAED0031', 98.47, 'Lock', 4, 'Received'),(550, 220, 'GS-EAEAD0043', 44.19, 'Radio and media player', 1, 'Received'),(551, 221, 'GS-BAE0013', 10.50, 'Radiator core support', 1, 'Installed'),(552, 221, 'GS-BAEW0037', 47.85, 'Window regulator', 1, 'Installed'),(553, 221, 'GS-EAEGAM0074', 59.98, 'Water temperature meter', 1, 'Installed'),(554, 221, 'GS-EAEM0149', 70.48, 'Transmission computer', 1, 'Installed'),(555, 222, 'GS-BAEW0037', 33.21, 'Window regulator', 1, 'Installed'),(556, 222, 'GS-EAES0101', 10.10, 'Manifold absolute pressure sensor', 2, 'Installed'),(557, 222, 'GS-PACBS0170', 29.57, 'Brake cooling duct', 1, 'Installed'),(558, 223, 'GS-BAEW0035', 25.53, 'Sunroof motor', 4, 'Installed'),(559, 223, 'GS-EAECS0048', 10.43, 'Alternator', 1, 'Installed'),(560, 223, 'GS-EAES0094', 31.09, 'Anti-pinch sensor', 1, 'Installed'),(561, 223, 'GS-PACBS0179', 29.98, 'Brake rotor', 1, 'Installed'),(562, 224, 'GS-BAE0012', 18.70, 'Quarter panel', 1, 'Installed'),(563, 224, 'GS-EAES0094', 7.87, 'Anti-pinch sensor', 4, 'Installed'),(564, 224, 'GS-PACBS0196', 26.54, 'Master Cylinder', 1, 'Installed'),(565, 225, 'GS-EAES0110', 15.97, 'TDC sensor', 1, 'Installed'),(566, 226, 'GS-BAE0021', 45.86, 'Valance', 1, 'Received'),(567, 226, 'GS-EAEGAM0064', 30.62, 'Dynamometer', 1, 'Ordered'),(568, 227, 'GS-BAE0002', 50.72, 'Unexposed bumper', 1, 'Installed'),(569, 227, 'GS-BAEW0035', 5.28, 'Sunroof motor', 1, 'Installed'),(570, 227, 'GS-EAEIS0082', 55.42, 'Magneto', 1, 'Installed'),(572, 229, 'GS-BAE0005', 20.18, 'Decklid', 1, 'Installed'),(573, 229, 'GS-BAED0029', 2.12, 'Hinge', 1, 'Ordered'),(574, 229, 'GS-EAEWH0130', 13.87, 'Interior harness', 1, 'Ordered'),(575, 230, 'GS-BAED0027', 45.22, 'Door seal', 1, 'Ordered'),(576, 230, 'GS-EAEAD0044', 27.76, 'Other devices', 2, 'Received'),(577, 230, 'GS-EAEIS0080', 10.87, 'Ignition coil parts', 1, 'Installed'),(578, 230, 'GS-EAES0120', 32.19, 'Door switch', 1, 'Installed'),(579, 231, 'GS-EAEM0146', 114.86, 'Shift improver', 1, 'Received'),(580, 232, 'GS-EAEESS0058', 49.51, 'Battery control system', 1, 'Installed'),(581, 232, 'GS-EAEGAM0074', 21.45, 'Water temperature meter', 1, 'Installed'),(582, 232, 'GS-EAES0114', 13.33, 'ABS sensor', 1, 'Installed'),(585, 234, 'GS-BAED0025', 39.06, 'Inner door handle', 1, 'Installed'),(586, 234, 'GS-EAEGAM0069', 77.59, 'Tachometer', 1, 'Installed'),(587, 234, 'GS-EAEIS0082', 87.41, 'Magneto', 1, 'Installed'),(588, 234, 'GS-EAEWH0128', 4.24, 'Air conditioning harness', 1, 'Installed'),(593, 236, 'GS-EAELASS0084', 11.45, 'Fog Light', 1, 'Installed'),(594, 237, 'GS-PACBS0191', 56.00, 'Brake booster hose', 1, 'Installed'),(595, 238, 'GS-10141', 68.20, 'Fuse Box: The Alternative Tribute', 1, 'Installed'),(596, 238, 'GS-ICS0159', 170.06, 'Seat Belt', 1, 'Installed'),(597, 239, 'GS-10141', 29.52, 'Fuse Box: The Alternative Tribute', 1, 'Installed'),(598, 240, 'GS-EAECS0048', 31.32, 'Alternator', 1, 'Ordered'),(599, 240, 'GS-EAELASS0090', 36.22, 'Side lighting', 1, 'Received'),(600, 241, 'GS-BAE0000', 33.29, 'Bonnet/hood', 1, 'Installed'),(601, 241, 'GS-EAEESS0058', 32.96, 'Battery control system', 1, 'Installed'),(602, 241, 'GS-EAELASS0086', 8.92, 'Headlight', 3, 'Installed'),(603, 242, 'GS-EAECS0048', 11.60, 'Alternator', 1, 'Installed'),(604, 242, 'GS-EAEM0136', 0.30, 'Cruise control computer', 1, 'Installed'),(605, 242, 'GS-PACBS0167', 5.48, 'Bleed nipple', 1, 'Installed'),(606, 243, 'GS-BAEW0033', 107.30, 'Glass', 1, 'Ordered'),(607, 243, 'GS-EAES0106', 14.61, 'Rotational sensor', 1, 'Ordered'),(608, 243, 'GS-PACBS0164', 62.57, 'ABS steel pin', 1, 'Installed'),(609, 244, 'GS-BAE0001', 67.46, 'Bumper', 1, 'Installed'),(610, 244, 'GS-EAES0120', 5.82, 'Door switch', 1, 'Installed'),(611, 245, 'GS-EAEESS0054', 87.39, 'Performance battery', 1, 'Installed'),(612, 245, 'GS-EAEGAM0068', 97.71, 'Speedometer', 1, 'Installed'),(613, 245, 'GS-PACBS0195', 78.31, 'Load-sensing valve', 1, 'Installed'),(614, 245, 'GS-PACBS0197', 35.02, 'Metering valve', 2, 'Installed'),(615, 246, 'GS-BAE0000', 13.62, 'Bonnet/hood', 1, 'Installed'),(616, 246, 'GS-EAEGAM0074', 31.79, 'Water temperature meter', 1, 'Installed'),(617, 247, 'GS-EAEAD0044', 109.89, 'Other devices', 1, 'Installed'),(618, 247, 'GS-EAEM0149', 73.83, 'Transmission computer', 4, 'Installed'),(619, 247, 'GS-EAES0093', 157.10, 'Airbag sensor', 1, 'Installed'),(620, 248, 'GS-EAES0106', 20.58, 'Rotational sensor', 1, 'Installed'),(621, 248, 'GS-EAESS0118', 31.95, 'Starter solenoid', 2, 'Installed'),(622, 248, 'GS-ICS0162', 18.17, 'Seat track', 1, 'Installed'),(625, 250, 'GS-EAEAD0043', 21.49, 'Radio and media player', 1, 'Installed'),(626, 250, 'GS-EAEM0140', 27.63, 'Fuse', 1, 'Installed'),(627, 250, 'GS-ICS0162', 40.68, 'Seat track', 1, 'Installed'),(628, 250, 'GS-PACBS0195', 40.32, 'Load-sensing valve', 1, 'Installed'),(629, 251, 'GS-BAEW0036', 56.62, 'Window motor', 5, 'Ordered'),(630, 251, 'GS-EAEM0145', 105.63, 'Remote lock', 3, 'Received'),(631, 251, 'GS-EAES0107', 81.62, 'Temperature sensor', 1, 'Ordered'),(632, 251, 'GS-PACBS0196', 40.51, 'Master Cylinder', 1, 'Received'),(633, 252, 'GS-EAES0122', 90.06, 'Power window switch', 4, 'Received'),(634, 253, 'GS-EAEGAM0071', 26.68, 'Tire pressure gauge', 1, 'Installed'),(635, 253, 'GS-EAEIS0077', 26.48, 'Electronic timing controller', 1, 'Installed'),(636, 253, 'GS-EAEM0136', 0.10, 'Cruise control computer', 1, 'Installed'),(637, 253, 'GS-EAES0100', 2.05, 'Light sensor', 1, 'Installed'),(638, 254, 'GS-EAECS0048', 4.61, 'Alternator', 2, 'Ordered'),(639, 254, 'GS-EAEGAM0064', 13.22, 'Dynamometer', 1, 'Installed'),(640, 254, 'GS-EAES0107', 43.42, 'Temperature sensor', 1, 'Received'),(641, 254, 'GS-ICS0161', 6.92, 'Seat cover', 1, 'Ordered'),(642, 255, 'GS-EAEGAM0065', 41.43, 'Fuel gauge', 1, 'Received'),(643, 255, 'GS-PACBS0177', 59.55, 'Brake pump', 1, 'Installed'),(644, 256, 'GS-EAEESS0061', 34.18, 'Voltage regulator', 1, 'Installed'),(645, 257, 'IM-EAEAD0047', 24.15, 'Subwoofer', 1, 'Installed'),(646, 257, 'IM-EAEESS0058', 58.54, 'Battery control system', 1, 'Ordered'),(651, 259, 'IM-BAED0025', 89.05, 'Inner door handle', 1, 'Installed'),(652, 259, 'IM-EAEM0149', 41.61, 'Transmission computer', 2, 'Installed'),(653, 260, 'IM-EAES0124', 146.58, 'Switch cover', 1, 'Installed'),(654, 260, 'IM-PACBS0187', 11.54, 'Combination valve', 4, 'Installed'),(655, 261, 'IM-EAELASS0092', 39.52, 'Tail light cover', 1, 'Installed'),(656, 261, 'IM-EAES0105', 151.13, 'Rain sensor', 4, 'Installed'),(657, 261, 'IM-EAES0109', 45.48, 'ABS brack sensor', 1, 'Installed'),(658, 262, 'IM-EAEWH0128', 50.29, 'Air conditioning harness', 1, 'Installed'),(659, 263, 'IM-BAE0011', 20.71, 'Pillar and hard trim', 1, 'Installed'),(660, 263, 'IM-EAEWH0130', 18.45, 'Interior harness', 1, 'Installed'),(661, 263, 'IM-ICS0153', 24.98, 'Armrest', 1, 'Installed'),(662, 263, 'IM-ICS0156', 8.28, 'Children and baby car seat', 1, 'Installed'),(663, 264, 'IM-EAEGAM0068', 24.81, 'Speedometer', 1, 'Installed'),(664, 265, 'IM-BAED0024', 12.33, 'Outer door handle', 1, 'Installed'),(665, 265, 'IM-EAES0104', 20.34, 'Pressure sensor', 1, 'Ordered'),(666, 265, 'IM-PACBS0189', 29.64, 'Hold-down springs', 1, 'Ordered'),(671, 267, 'IM-EAEM0134', 26.00, 'Central locking system', 1, 'Received'),(672, 267, 'IM-EAEM0145', 22.77, 'Remote lock', 1, 'Installed'),(673, 267, 'IM-PACBS0198', 33.39, 'Other braking system parts', 1, 'Installed'),(674, 268, 'IM-BAE0021', 22.33, 'Valance', 1, 'Installed'),(675, 268, 'IM-EAEIS0080', 46.61, 'Ignition coil parts', 2, 'Installed'),(676, 268, 'IM-PACBS0181', 47.99, 'Brake shoe', 1, 'Installed'),(677, 268, 'IM-PACBS0185', 47.26, 'Calibrated friction brake', 2, 'Installed'),(678, 269, 'IM-BAED0031', 99.69, 'Lock', 1, 'Installed'),(679, 270, 'IM-10141', 58.77, 'Fuse Box: The Alternative Tribute', 1, 'Installed'),(680, 270, 'IM-EAEGAM0063', 82.40, 'Clinometer', 1, 'Installed'),(681, 270, 'IM-EAEIS0080', 49.06, 'Ignition coil parts', 3, 'Installed'),(682, 270, 'IM-EAEM0148', 114.80, 'Speedometer calibrator', 1, 'Installed'),(683, 271, 'IM-EAEGAM0065', 38.09, 'Fuel gauge', 1, 'Installed'),(684, 271, 'IM-EAEGAM0068', 11.79, 'Speedometer', 1, 'Ordered'),(685, 271, 'IM-EAEIS0078', 7.25, 'Ignition box', 1, 'Installed'),(686, 272, 'IM-BAE0022', 94.73, 'Welded assembly', 1, 'Installed'),(687, 272, 'IM-EAEESS0060', 56.09, 'Battery tray', 1, 'Installed'),(688, 272, 'IM-PACBS0194', 112.50, 'Hydraulic booster unit', 4, 'Installed'),(689, 273, 'IM-BAE0008', 34.09, 'Front clip', 1, 'Installed'),(690, 274, 'IM-EAEESS0054', 72.44, 'Performance battery', 1, 'Installed'),(691, 275, 'IM-BAE0017', 34.40, 'Front spoiler', 1, 'Installed'),(692, 275, 'IM-EAELASS0086', 22.52, 'Headlight', 2, 'Ordered'),(693, 276, 'IM-EAES0097', 36.76, 'Engine sensor', 2, 'Received'),(694, 277, 'IM-BAED0031', 163.95, 'Lock', 5, 'Installed'),(695, 278, 'IM-EAEM0134', 4.31, 'Central locking system', 2, 'Installed'),(696, 278, 'IM-PACBS0186', 28.61, 'Caliper', 1, 'Installed'),(697, 279, 'IM-EAEESS0059', 8.95, 'Battery plate', 1, 'Installed'),(698, 280, 'IM-EAELASS0091', 11.11, 'Tail light', 1, 'Installed'),(699, 281, 'IM-PACBS0198', 74.46, 'Other braking system parts', 4, 'Installed'),(700, 282, 'IM-BAE0008', 78.06, 'Front clip', 2, 'Installed'),(701, 283, 'IM-BAED0029', 28.53, 'Hinge', 1, 'Installed'),(702, 284, 'IM-EAEM0137', 33.78, 'Door contact', 1, 'Installed'),(703, 284, 'IM-EAEWH0129', 7.47, 'Engine compartment harness', 1, 'Installed'),(704, 284, 'IM-IFCAP0151', 33.31, 'Carpet and other floor material', 1, 'Installed'),(705, 285, 'IM-EAES0104', 4.72, 'Pressure sensor', 1, 'Received'),(706, 286, 'IM-EAELASS0086', 62.86, 'Headlight', 1, 'Ordered'),(707, 286, 'IM-EAEM0142', 24.47, 'Performance chip', 1, 'Installed'),(708, 286, 'IM-PACBS0163', 36.43, 'Anti-lock braking system', 3, 'Received'),(709, 286, 'IM-PACBS0196', 35.01, 'Master Cylinder', 1, 'Ordered'),(713, 288, 'JN-BAE0019', 36.62, 'Trim package', 1, 'Installed'),(714, 289, 'JN-EAEGAM0072', 14.03, 'Vacuum gauge', 1, 'Received'),(715, 289, 'JN-EAELASS0084', 18.46, 'Fog Light', 1, 'Received'),(716, 290, 'JN-EAEM0140', 18.70, 'Fuse', 1, 'Installed'),(718, 292, 'JN-BAED0025', 66.86, 'Inner door handle', 1, 'Ordered'),(719, 292, 'JN-BAEW0035', 99.14, 'Sunroof motor', 1, 'Installed'),(720, 292, 'JN-PACBS0172', 22.82, 'Brake drum', 1, 'Received'),(721, 293, 'JN-10141', 3.91, 'Fuse Box: The Alternative Tribute', 1, 'Received'),(722, 294, 'JN-BAED0027', 18.58, 'Door seal', 1, 'Installed'),(723, 294, 'JN-EAELASS0090', 41.53, 'Side lighting', 2, 'Installed'),(724, 294, 'JN-ICS0160', 14.49, 'Seat bracket', 1, 'Installed'),(725, 295, 'JN-EAEIS0078', 7.59, 'Ignition box', 1, 'Installed'),(726, 295, 'JN-EAEIS0079', 79.39, 'Ignition Coil', 2, 'Installed'),(727, 296, 'JN-BAE0009', 64.14, 'Front fascia and header panel', 1, 'Installed'),(728, 296, 'JN-EAEESS0053', 88.12, 'Battery', 1, 'Installed'),(729, 296, 'JN-EAEM0147', 29.78, 'Speed controller', 2, 'Installed'),(730, 296, 'JN-EAES0100', 16.67, 'Light sensor', 1, 'Installed'),(731, 297, 'JN-EAEGAM0066', 2.66, 'Hydrometer', 1, 'Installed'),(732, 298, 'JN-EAEESS0061', 1.80, 'Voltage regulator', 1, 'Installed'),(733, 298, 'JN-PACBS0177', 58.11, 'Brake pump', 1, 'Received'),(734, 299, 'JN-BAED0031', 0.25, 'Lock', 2, 'Ordered'),(735, 299, 'JN-EAEGAM0063', 11.90, 'Clinometer', 3, 'Ordered'),(736, 299, 'JN-EAES0122', 8.73, 'Power window switch', 1, 'Ordered'),(737, 300, 'JN-EAEAD0041', 14.52, 'Antenna assembly', 1, 'Installed'),(738, 300, 'JN-EAELASS0089', 22.19, 'License plate lamp', 1, 'Installed'),(739, 300, 'JN-PACBS0197', 14.72, 'Metering valve', 2, 'Installed'),(740, 301, 'JN-EAEGAM0072', 46.16, 'Vacuum gauge', 1, 'Installed'),(741, 302, 'JN-BAED0030', 118.25, 'Door and bonnet', 4, 'Installed'),(742, 302, 'JN-EAECS0049', 36.99, 'Alternator bearing', 1, 'Installed'),(743, 302, 'JN-EAES0126', 29.76, 'Thermostat', 1, 'Installed'),(744, 302, 'JN-ICS0162', 117.45, 'Seat track', 1, 'Installed'),(745, 303, 'JN-BAE0005', 37.27, 'Decklid', 4, 'Ordered'),(746, 303, 'JN-EAEM0150', 47.84, 'Wiring connector', 2, 'Ordered'),(747, 304, 'JN-BAE0000', 59.97, 'Bonnet/hood', 1, 'Received'),(748, 304, 'JN-BAE0007', 145.90, 'Fender Musical Instruments Corporation', 1, 'Installed'),(749, 304, 'JN-EAES0107', 97.33, 'Temperature sensor', 1, 'Ordered'),(750, 304, 'JN-EAES0111', 12.94, 'MAP sensor', 1, 'Received'),(751, 305, 'JN-PACBS0192', 69.00, 'Air brake nylon hose', 1, 'Installed'),(752, 306, 'JN-BAEW0039', 47.73, 'Windshield washer motor', 1, 'Installed'),(753, 306, 'JN-PACBS0177', 20.24, 'Brake pump', 2, 'Installed'),(754, 306, 'JN-PACBS0198', 105.41, 'Other braking system parts', 4, 'Installed'),(755, 307, 'JN-BAE0011', 16.16, 'Pillar and hard trim', 1, 'Installed'),(756, 307, 'JN-EAEIS0081', 5.78, 'Ignition controller', 1, 'Installed'),(757, 307, 'JN-PACBS0175', 45.58, 'Brake pedal', 2, 'Installed'),(758, 308, 'JN-EAECS0049', 48.72, 'Alternator bearing', 1, 'Installed'),(759, 308, 'JN-EAES0107', 49.44, 'Temperature sensor', 1, 'Installed'),(760, 308, 'JN-EAESS0119', 9.68, 'Spark Plug', 1, 'Installed'),(761, 308, 'JN-PACBS0170', 6.82, 'Brake cooling duct', 1, 'Installed'),(762, 309, 'JN-EAES0113', 41.00, 'Oil level sensor', 4, 'Received'),(763, 309, 'JN-EAES0124', 16.26, 'Switch cover', 3, 'Ordered'),(764, 309, 'JN-PACBS0180', 30.79, 'Brake servo', 1, 'Received'),(765, 309, 'JN-PACBS0194', 76.37, 'Hydraulic booster unit', 1, 'Ordered'),(766, 310, 'JN-EAES0099', 20.74, 'Knock sensor', 1, 'Installed'),(767, 310, 'JN-PACBS0175', 4.04, 'Brake pedal', 1, 'Installed'),(768, 311, 'JN-EAECS0050', 95.09, 'Alternator bracket', 1, 'Installed'),(769, 311, 'JN-EAELASS0083', 136.91, 'Engine bay lighting', 1, 'Installed'),(770, 311, 'JN-EAELASS0089', 64.49, 'License plate lamp', 1, 'Installed'),(771, 312, 'JN-EAES0100', 33.25, 'Light sensor', 1, 'Ordered'),(772, 312, 'JN-PACBS0166', 56.17, 'Anchor', 1, 'Received'),(773, 312, 'JN-PACBS0180', 147.65, 'Brake servo', 1, 'Ordered'),(774, 313, 'JN-EAEESS0056', 55.41, 'Battery cable terminal', 1, 'Ordered'),(775, 313, 'JN-EAELASS0085', 51.49, 'Halogen', 2, 'Installed'),(776, 313, 'JN-EAEM0138', 52.22, 'Engine computer and management system', 1, 'Ordered'),(777, 314, 'JN-BAE0002', 137.26, 'Unexposed bumper', 1, 'Installed'),(778, 314, 'JN-EAEGAM0069', 67.08, 'Tachometer', 1, 'Installed'),(779, 314, 'JN-PACBS0185', 35.74, 'Calibrated friction brake', 2, 'Installed'),(780, 315, 'JN-EAEGAM0073', 6.55, 'Voltmeter', 1, 'Installed'),(781, 315, 'JN-EAEM0140', 7.94, 'Fuse', 1, 'Installed'),(782, 315, 'JN-EAEWH0128', 52.68, 'Air conditioning harness', 1, 'Installed'),(783, 316, 'JN-EAEAD0041', 83.76, 'Antenna assembly', 1, 'Installed'),(784, 316, 'JN-EAELASS0087', 87.44, 'Headlight motor', 1, 'Installed'),(785, 317, 'JN-BAE0010', 49.89, 'Grille', 1, 'Installed'),(786, 317, 'JN-BAEW0038', 48.16, 'Windshield', 1, 'Installed'),(787, 317, 'JN-ICS0161', 79.33, 'Seat cover', 1, 'Installed'),(788, 318, 'JN-BAED0027', 4.36, 'Door seal', 1, 'Installed'),(789, 318, 'JN-EAEIS0075', 13.51, 'Coil wire', 2, 'Installed'),(790, 318, 'JN-ICS0158', 25.29, 'Headrest', 1, 'Installed'),(791, 319, 'KX-EAEIS0081', 57.19, 'Ignition controller', 1, 'Installed'),(793, 321, 'KX-ICS0153', 68.11, 'Armrest', 2, 'Installed'),(794, 321, 'KX-PACBS0172', 103.29, 'Brake drum', 1, 'Received'),(795, 322, 'KX-BAE0002', 22.02, 'Unexposed bumper', 1, 'Installed'),(796, 322, 'KX-EAEIS0075', 22.22, 'Coil wire', 2, 'Installed'),(797, 322, 'KX-PACBS0171', 74.65, 'Brake disc', 1, 'Installed'),(798, 323, 'KX-EAEAD0043', 97.87, 'Radio and media player', 1, 'Installed'),(799, 323, 'KX-EAECS0052', 4.16, 'Other alternator parts', 1, 'Installed'),(800, 323, 'KX-PACBS0175', 95.07, 'Brake pedal', 2, 'Installed'),(801, 324, 'KX-EAEESS0061', 69.82, 'Voltage regulator', 1, 'Installed'),(805, 326, 'KX-EAECS0051', 74.29, 'Alternator fan', 2, 'Installed'),(806, 326, 'KX-PACBS0166', 9.14, 'Anchor', 1, 'Installed'),(807, 327, 'KX-ICS0156', 3.74, 'Children and baby car seat', 1, 'Ordered'),(808, 327, 'KX-PACBS0175', 14.36, 'Brake pedal', 1, 'Installed'),(809, 328, 'KX-PACBS0171', 25.66, 'Brake disc', 2, 'Installed'),(810, 329, 'KX-EAEIS0082', 62.04, 'Magneto', 1, 'Installed'),(811, 329, 'KX-ICS0161', 77.51, 'Seat cover', 1, 'Installed'),(812, 330, 'KX-BAE0000', 136.17, 'Bonnet/hood', 1, 'Received'),(813, 330, 'KX-BAE0001', 51.92, 'Bumper', 1, 'Received'),(814, 330, 'KX-EAES0101', 77.78, 'Manifold absolute pressure sensor', 1, 'Installed'),(815, 331, 'KX-PACBS0171', 64.77, 'Brake disc', 1, 'Installed'),(816, 332, 'KX-BAE0009', 66.02, 'Front fascia and header panel', 1, 'Installed'),(817, 332, 'KX-EAEAD0042', 62.05, 'Antenna cable', 5, 'Installed'),(818, 332, 'KX-EAEM0148', 40.20, 'Speedometer calibrator', 3, 'Installed'),(819, 332, 'KX-ICS0156', 52.92, 'Children and baby car seat', 1, 'Installed'),(820, 333, 'KX-BAE0003', 19.24, 'Exposed bumper', 1, 'Installed'),(821, 333, 'KX-EAES0113', 34.18, 'Oil level sensor', 1, 'Installed'),(822, 333, 'KX-EAEWH0129', 13.97, 'Engine compartment harness', 1, 'Installed'),(823, 334, 'KX-BAE0016', 122.63, 'Spoiler', 1, 'Installed'),(824, 334, 'KX-EAEGAM0068', 69.68, 'Speedometer', 1, 'Ordered'),(825, 334, 'KX-PACBS0189', 10.78, 'Hold-down springs', 1, 'Received'),(826, 335, 'KX-EAEM0144', 4.27, 'Relay connector', 1, 'Installed'),(827, 336, 'KX-EAES0094', 31.87, 'Anti-pinch sensor', 1, 'Received'),(828, 336, 'KX-EAES0107', 27.57, 'Temperature sensor', 1, 'Installed'),(829, 336, 'KX-ICS0162', 14.67, 'Seat track', 1, 'Installed'),(830, 336, 'KX-PACBS0168', 26.77, 'Brake backing plate', 1, 'Received'),(831, 337, 'KX-BAE0004', 71.23, 'Cowl screen', 1, 'Installed'),(832, 337, 'KX-BAED0024', 144.94, 'Outer door handle', 1, 'Installed'),(833, 337, 'KX-PACBS0186', 144.26, 'Caliper', 1, 'Installed'),(834, 338, 'KX-EAEIS0081', 136.90, 'Ignition controller', 1, 'Installed'),(835, 338, 'KX-EAES0096', 121.50, 'Crankshaft position sensor', 2, 'Installed'),(836, 338, 'KX-EAES0121', 24.90, 'Ignition Switch', 1, 'Installed'),(837, 339, 'KX-BAE0014', 11.80, 'Rocker panel', 1, 'Installed'),(838, 339, 'KX-PACBS0190', 14.61, 'Hose', 1, 'Installed'),(839, 340, 'KX-BAEW0033', 28.09, 'Glass', 2, 'Installed'),(840, 340, 'KX-EAEESS0059', 137.03, 'Battery plate', 2, 'Installed'),(841, 340, 'KX-PACBS0193', 194.08, 'Brake duct hose', 1, 'Installed'),(842, 341, 'KX-EAEM0150', 141.71, 'Wiring connector', 1, 'Installed'),(843, 342, 'KX-EAEGAM0068', 6.41, 'Speedometer', 1, 'Installed'),(844, 342, 'KX-EAEIS0082', 7.55, 'Magneto', 1, 'Installed'),(845, 343, 'KX-EAEIS0075', 64.43, 'Coil wire', 1, 'Installed'),(846, 343, 'KX-ICS0159', 30.62, 'Seat Belt', 1, 'Installed'),(847, 344, 'KX-PACBS0171', 96.70, 'Brake disc', 2, 'Installed'),(848, 344, 'KX-PACBS0173', 0.54, 'Brake line', 1, 'Installed'),(849, 345, 'KX-BAE0020', 76.16, 'Trunk', 1, 'Installed'),(850, 345, 'KX-EAEESS0058', 4.26, 'Battery control system', 2, 'Received'),(851, 345, 'KX-PACBS0177', 46.41, 'Brake pump', 1, 'Installed'),(852, 345, 'KX-PACBS0189', 48.59, 'Hold-down springs', 4, 'Ordered'),(853, 346, 'KX-EAECS0050', 151.84, 'Alternator bracket', 1, 'Installed'),(854, 346, 'KX-EAEM0136', 150.16, 'Cruise control computer', 1, 'Installed'),(855, 346, 'KX-PACBS0190', 77.05, 'Hose', 4, 'Installed'),(856, 347, 'KX-EAEM0134', 110.58, 'Central locking system', 1, 'Ordered'),(857, 348, 'KX-EAEGAM0063', 28.04, 'Clinometer', 1, 'Installed'),(858, 348, 'KX-EAEM0135', 29.70, 'Chassis control computer', 1, 'Installed'),(859, 349, 'KX-EAEM0144', 19.98, 'Relay connector', 1, 'Ordered'),(860, 350, 'KX-EAELASS0088', 102.40, 'Interior light and lamp', 2, 'Ordered'),(861, 351, 'NX-BAED0028', 72.44, 'Door watershield', 1, 'Installed'),(862, 351, 'NX-EAELASS0092', 20.87, 'Tail light cover', 1, 'Installed'),(863, 351, 'NX-EAEM0139', 59.71, 'Engine control unit', 4, 'Installed'),(864, 352, 'NX-EAEESS0058', 72.84, 'Battery control system', 2, 'Received'),(865, 352, 'NX-EAELASS0087', 52.60, 'Headlight motor', 1, 'Installed'),(866, 352, 'NX-EAES0101', 63.29, 'Manifold absolute pressure sensor', 1, 'Ordered'),(867, 352, 'NX-ICS0162', 74.07, 'Seat track', 4, 'Installed'),(868, 353, 'NX-BAE0002', 89.63, 'Unexposed bumper', 1, 'Received'),(869, 354, 'NX-EAECS0051', 6.92, 'Alternator fan', 1, 'Installed'),(870, 354, 'NX-PACBS0193', 38.80, 'Brake duct hose', 1, 'Installed'),(871, 355, 'NX-BAED0023', 2.60, 'Door beam and panel', 4, 'Installed'),(872, 356, 'NX-BAE0020', 3.15, 'Trunk', 1, 'Installed'),(873, 356, 'NX-EAELASS0084', 14.40, 'Fog Light', 1, 'Installed'),(874, 356, 'NX-EAELASS0085', 25.08, 'Halogen', 1, 'Installed'),(875, 356, 'NX-EAES0107', 30.13, 'Temperature sensor', 1, 'Installed'),(876, 357, 'NX-BAE0003', 7.88, 'Exposed bumper', 1, 'Installed'),(877, 357, 'NX-BAE0007', 2.48, 'Fender Musical Instruments Corporation', 1, 'Installed'),(878, 357, 'NX-EAEGAM0070', 4.88, 'Temperature gauge', 1, 'Installed'),(879, 358, 'NX-EAEAD0043', 138.91, 'Radio and media player', 1, 'Ordered'),(880, 358, 'NX-EAEM0142', 41.68, 'Performance chip', 4, 'Ordered'),(881, 359, 'NX-EAEGAM0065', 28.61, 'Fuel gauge', 1, 'Installed'),(882, 359, 'NX-PACBS0184', 17.83, 'Brake warning light', 1, 'Installed'),(883, 360, 'NX-BAE0011', 5.00, 'Pillar and hard trim', 1, 'Installed'),(884, 360, 'NX-EAEM0134', 166.77, 'Central locking system', 1, 'Installed'),(885, 360, 'NX-EAES0101', 19.73, 'Manifold absolute pressure sensor', 1, 'Installed'),(886, 360, 'NX-PACBS0179', 3.30, 'Brake rotor', 1, 'Installed'),(887, 361, 'NX-EAEAD0043', 23.77, 'Radio and media player', 1, 'Ordered'),(888, 361, 'NX-EAELASS0083', 16.80, 'Engine bay lighting', 1, 'Received'),(889, 361, 'NX-EAESS0116', 19.43, 'Starter drive', 1, 'Installed'),(890, 362, 'NX-BAE0018', 41.51, 'Rear spoiler', 1, 'Received'),(891, 362, 'NX-ICS0157', 64.14, 'Fastener', 1, 'Ordered'),(892, 363, 'NX-EAECS0051', 84.98, 'Alternator fan', 1, 'Installed'),(893, 363, 'NX-ICS0156', 150.98, 'Children and baby car seat', 1, 'Installed'),(894, 364, 'NX-EAEESS0060', 10.09, 'Battery tray', 1, 'Installed'),(895, 364, 'NX-EAELASS0090', 10.49, 'Side lighting', 1, 'Installed'),(896, 364, 'NX-EAES0111', 15.76, 'MAP sensor', 1, 'Installed'),(897, 365, 'NX-EAEESS0061', 27.40, 'Voltage regulator', 4, 'Installed'),(898, 365, 'NX-EAEGAM0068', 41.01, 'Speedometer', 1, 'Ordered'),(899, 366, 'NX-EAEESS0059', 12.13, 'Battery plate', 1, 'Installed'),(900, 366, 'NX-EAELASS0086', 4.67, 'Headlight', 1, 'Installed'),(901, 366, 'NX-PACBS0172', 26.61, 'Brake drum', 2, 'Installed'),(902, 366, 'NX-PACBS0190', 18.64, 'Hose', 4, 'Installed'),(903, 367, 'NX-PACBS0175', 80.26, 'Brake pedal', 1, 'Ordered'),(904, 368, 'NX-BAE0015', 2.41, 'Roof Rack', 1, 'Installed'),(905, 368, 'NX-EAES0125', 13.78, 'Switch panel', 1, 'Received'),(906, 369, 'NX-BAE0011', 94.75, 'Pillar and hard trim', 1, 'Installed'),(907, 369, 'NX-PACBS0183', 67.97, 'Shoe web', 1, 'Installed'),(908, 370, 'NX-EAEAD0047', 11.97, 'Subwoofer', 2, 'Installed'),(909, 370, 'NX-EAEESS0053', 18.42, 'Battery', 1, 'Installed'),(910, 371, 'NX-BAE0021', 54.30, 'Valance', 1, 'Received'),(911, 371, 'NX-BAEW0033', 82.30, 'Glass', 1, 'Installed'),(912, 371, 'NX-ICS0157', 38.13, 'Fastener', 1, 'Installed'),(913, 372, 'NX-EAELASS0089', 95.29, 'License plate lamp', 1, 'Installed'),(914, 372, 'NX-EAES0108', 29.84, 'Transmission input and output sensor', 4, 'Ordered'),(915, 372, 'NX-EAES0123', 32.98, 'Steering column switch', 1, 'Installed'),(916, 372, 'NX-PACBS0174', 64.03, 'Brake pad', 1, 'Received'),(917, 373, 'NX-PACBS0165', 41.52, 'Adjusting mechanism', 1, 'Installed'),(918, 374, 'NX-BAE0004', 31.48, 'Cowl screen', 1, 'Installed'),(919, 374, 'NX-EAEAD0041', 0.92, 'Antenna assembly', 1, 'Installed'),(920, 374, 'NX-EAELASS0088', 0.92, 'Interior light and lamp', 1, 'Installed'),(921, 374, 'NX-EAES0120', 37.73, 'Door switch', 1, 'Installed'),(922, 375, 'NX-EAEAD0041', 21.36, 'Antenna assembly', 1, 'Installed'),(923, 376, 'NX-EAES0106', 29.37, 'Rotational sensor', 1, 'Received'),(924, 376, 'NX-EAES0126', 1.77, 'Thermostat', 1, 'Installed'),(925, 376, 'NX-EAEWH0130', 3.61, 'Interior harness', 1, 'Received'),(926, 377, 'OA-PACBS0167', 34.38, 'Bleed nipple', 1, 'Installed'),(927, 378, 'OA-BAE0002', 65.08, 'Unexposed bumper', 1, 'Installed'),(928, 378, 'OA-EAEESS0060', 81.18, 'Battery tray', 4, 'Installed'),(929, 378, 'OA-EAES0109', 92.05, 'ABS brack sensor', 1, 'Installed'),(930, 378, 'OA-ICS0153', 60.25, 'Armrest', 1, 'Installed'),(931, 379, 'OA-BAEW0036', 69.15, 'Window motor', 1, 'Installed'),(932, 379, 'OA-EAEM0142', 87.61, 'Performance chip', 1, 'Installed'),(933, 380, 'OA-BAE0012', 39.71, 'Quarter panel', 1, 'Received'),(934, 380, 'OA-EAEGAM0062', 66.44, 'Ammeter', 2, 'Ordered'),(935, 380, 'OA-EAELASS0087', 98.60, 'Headlight motor', 1, 'Received'),(936, 380, 'OA-ICS0154', 42.20, 'Bench Seat', 2, 'Ordered'),(937, 381, 'OA-BAE0003', 13.30, 'Exposed bumper', 1, 'Installed'),(938, 381, 'OA-BAED0024', 21.79, 'Outer door handle', 1, 'Installed'),(939, 381, 'OA-EAES0110', 73.65, 'TDC sensor', 1, 'Installed'),(940, 381, 'OA-ICS0159', 84.69, 'Seat Belt', 1, 'Installed'),(941, 382, 'OA-EAELASS0084', 72.99, 'Fog Light', 1, 'Installed'),(942, 382, 'OA-EAEM0137', 106.98, 'Door contact', 1, 'Installed'),(943, 382, 'OA-PACBS0171', 108.74, 'Brake disc', 1, 'Installed'),(944, 383, 'OA-EAELASS0084', 58.60, 'Fog Light', 1, 'Installed'),(945, 383, 'OA-EAELASS0086', 89.33, 'Headlight', 1, 'Installed'),(946, 383, 'OA-PACBS0194', 83.55, 'Hydraulic booster unit', 1, 'Installed'),(947, 384, 'OA-EAEM0143', 119.59, 'Performance Monitor', 1, 'Installed'),(948, 384, 'OA-EAES0112', 136.03, 'IMA sensor', 1, 'Ordered'),(949, 385, 'OA-BAED0026', 48.37, 'Door control module', 1, 'Installed'),(950, 385, 'OA-EAEGAM0073', 19.97, 'Voltmeter', 1, 'Installed'),(951, 385, 'OA-EAEIS0076', 2.04, 'Distributor', 1, 'Installed'),(952, 385, 'OA-EAEIS0077', 24.14, 'Electronic timing controller', 1, 'Installed'),(953, 386, 'OA-BAEW0037', 34.16, 'Window regulator', 1, 'Installed'),(954, 387, 'OA-BAEW0036', 12.65, 'Window motor', 1, 'Installed'),(955, 387, 'OA-EAEM0148', 32.44, 'Speedometer calibrator', 1, 'Installed'),(956, 387, 'OA-ICS0157', 23.69, 'Fastener', 1, 'Installed'),(957, 388, 'OA-EAEIS0077', 155.08, 'Electronic timing controller', 1, 'Installed'),(958, 388, 'OA-PACBS0197', 85.12, 'Metering valve', 4, 'Installed'),(959, 389, 'OA-EAEGAM0070', 119.13, 'Temperature gauge', 1, 'Installed'),(960, 389, 'OA-EAEM0132', 110.77, 'Air bag control module', 1, 'Installed'),(961, 389, 'OA-ICS0157', 18.14, 'Fastener', 1, 'Installed'),(962, 389, 'OA-ICS0161', 67.52, 'Seat cover', 1, 'Installed'),(963, 390, 'OA-EAEESS0053', 62.38, 'Battery', 1, 'Installed'),(964, 390, 'OA-PACBS0185', 67.89, 'Calibrated friction brake', 1, 'Installed'),(965, 391, 'OA-BAE0014', 49.98, 'Rocker panel', 1, 'Installed'),(966, 391, 'OA-BAED0025', 59.24, 'Inner door handle', 1, 'Installed'),(967, 391, 'OA-BAEW0035', 84.15, 'Sunroof motor', 1, 'Installed'),(968, 392, 'OA-BAED0030', 14.38, 'Door and bonnet', 1, 'Installed'),(969, 392, 'OA-EAES0098', 44.33, 'Fuel level sensor', 2, 'Installed'),(970, 392, 'OA-EAES0126', 58.55, 'Thermostat', 1, 'Installed'),(971, 393, 'OA-10141', 145.53, 'Fuse Box: The Alternative Tribute', 1, 'Installed'),(972, 393, 'OA-EAEESS0061', 169.29, 'Voltage regulator', 1, 'Installed'),(973, 393, 'OA-EAEIS0079', 82.26, 'Ignition Coil', 1, 'Installed'),(974, 393, 'OA-EAES0102', 172.70, 'Oxygen sensor', 1, 'Installed'),(975, 394, 'OA-PACBS0177', 37.51, 'Brake pump', 1, 'Installed'),(976, 394, 'OA-PACBS0190', 69.27, 'Hose', 1, 'Installed'),(977, 395, 'OA-BAED0031', 66.25, 'Lock', 1, 'Installed'),(978, 395, 'OA-EAEESS0060', 27.11, 'Battery tray', 1, 'Installed'),(979, 395, 'OA-EAEGAM0062', 5.80, 'Ammeter', 1, 'Installed'),(980, 395, 'OA-EAEWH0131', 65.04, 'Underfloor harness', 2, 'Installed'),(981, 396, 'OA-BAED0032', 35.36, 'Centre Locking', 2, 'Installed'),(982, 396, 'OA-PACBS0163', 52.25, 'Anti-lock braking system', 1, 'Installed'),(983, 396, 'OA-PACBS0180', 86.06, 'Brake servo', 2, 'Installed'),(984, 396, 'OA-PACBS0190', 108.21, 'Hose', 1, 'Installed'),(985, 397, 'OA-EAEGAM0073', 92.09, 'Voltmeter', 1, 'Installed'),(986, 397, 'OA-EAEM0132', 110.91, 'Air bag control module', 1, 'Installed'),(987, 397, 'OA-EAEM0134', 204.52, 'Central locking system', 1, 'Installed'),(988, 397, 'OA-PACBS0190', 46.67, 'Hose', 1, 'Installed'),(989, 398, 'OA-EAEESS0060', 41.78, 'Battery tray', 1, 'Installed'),(990, 398, 'OA-EAEGAM0072', 57.65, 'Vacuum gauge', 1, 'Installed'),(991, 398, 'OA-IFCAP0152', 22.50, 'Center console', 1, 'Installed'),(992, 399, 'OA-EAES0095', 39.04, 'Camshaft position sensor', 1, 'Installed'),(993, 399, 'OA-PACBS0189', 24.05, 'Hold-down springs', 1, 'Received'),(994, 400, 'OA-EAEGAM0062', 9.44, 'Ammeter', 1, 'Installed'),(995, 401, 'OA-BAEW0039', 6.06, 'Windshield washer motor', 1, 'Installed'),(996, 401, 'OA-EAEAD0041', 16.02, 'Antenna assembly', 1, 'Installed'),(1001, 403, 'OA-EAEGAM0074', 27.73, 'Water temperature meter', 3, 'Installed'),(1005, 405, 'OA-BAEW0038', 63.81, 'Windshield', 1, 'Installed'),(1006, 405, 'OA-EAEAD0046', 35.69, 'Tuner', 1, 'Installed'),(1007, 406, 'OA-BAE0017', 51.16, 'Front spoiler', 1, 'Installed'),(1008, 407, 'OA-EAEGAM0065', 0.43, 'Fuel gauge', 1, 'Installed'),(1009, 407, 'OA-EAEM0138', 37.12, 'Engine computer and management system', 1, 'Installed'),(1010, 407, 'OA-EAEM0147', 26.01, 'Speed controller', 1, 'Installed'),(1011, 408, 'OA-10141', 57.01, 'Fuse Box: The Alternative Tribute', 1, 'Installed'),(1012, 408, 'OA-EAES0122', 39.77, 'Power window switch', 1, 'Installed'),(1013, 409, 'OA-BAE0016', 95.74, 'Spoiler', 1, 'Ordered'),(1014, 409, 'OA-BAE0020', 67.94, 'Trunk', 1, 'Installed'),(1015, 409, 'OA-EAEESS0061', 14.38, 'Voltage regulator', 1, 'Installed'),(1016, 409, 'OA-EAEM0133', 78.78, 'Alarm and siren', 1, 'Ordered'),(1017, 410, 'OA-EAEM0149', 3.85, 'Transmission computer', 1, 'Ordered'),(1018, 411, 'OA-BAE0008', 59.04, 'Front clip', 1, 'Installed'),(1019, 411, 'OA-EAEGAM0074', 21.10, 'Water temperature meter', 1, 'Installed'),(1020, 412, 'OA-EAEESS0053', 33.39, 'Battery', 1, 'Installed'),(1021, 412, 'OA-EAES0112', 43.18, 'IMA sensor', 1, 'Installed'),(1022, 412, 'OA-EAESS0119', 56.71, 'Spark Plug', 1, 'Installed'),(1023, 412, 'OA-PACBS0173', 18.62, 'Brake line', 1, 'Installed'),(1024, 413, 'PP-10141', 41.21, 'Fuse Box: The Alternative Tribute', 1, 'Installed'),(1025, 413, 'PP-EAES0110', 21.91, 'TDC sensor', 1, 'Installed'),(1026, 413, 'PP-EAES0112', 30.29, 'IMA sensor', 1, 'Installed'),(1027, 413, 'PP-EAES0125', 42.56, 'Switch panel', 1, 'Installed'),(1028, 414, 'PP-BAE0022', 78.44, 'Welded assembly', 1, 'Installed'),(1029, 415, 'PP-PACBS0175', 4.28, 'Brake pedal', 1, 'Ordered'),(1030, 416, 'PP-BAED0031', 63.95, 'Lock', 1, 'Installed'),(1031, 416, 'PP-EAEESS0055', 21.20, 'Battery box', 1, 'Installed'),(1032, 417, 'PP-EAESS0117', 6.96, 'Starter Motor', 1, 'Received'),(1033, 417, 'PP-ICS0159', 44.01, 'Seat Belt', 1, 'Received'),(1034, 417, 'PP-PACBS0192', 37.17, 'Air brake nylon hose', 1, 'Ordered'),(1035, 418, 'PP-BAE0005', 6.07, 'Decklid', 1, 'Ordered'),(1036, 418, 'PP-EAES0109', 54.69, 'ABS brack sensor', 3, 'Ordered'),(1037, 419, 'PP-EAES0095', 56.51, 'Camshaft position sensor', 1, 'Installed'),(1038, 420, 'PP-BAE0015', 15.19, 'Roof Rack', 3, 'Installed'),(1039, 420, 'PP-BAEW0039', 21.86, 'Windshield washer motor', 1, 'Installed'),(1040, 420, 'PP-EAES0096', 30.36, 'Crankshaft position sensor', 1, 'Installed'),(1041, 420, 'PP-EAES0122', 27.66, 'Power window switch', 1, 'Installed'),(1042, 421, 'PP-BAEW0040', 57.15, 'Window seal', 3, 'Received'),(1043, 421, 'PP-EAEESS0057', 21.18, 'Battery cable', 1, 'Installed'),(1044, 421, 'PP-EAEM0140', 8.46, 'Fuse', 1, 'Ordered'),(1045, 421, 'PP-PACBS0183', 87.73, 'Shoe web', 1, 'Received'),(1046, 422, 'PP-EAES0122', 140.78, 'Power window switch', 1, 'Installed'),(1049, 425, 'PP-EAES0107', 25.89, 'Temperature sensor', 1, 'Installed'),(1050, 426, 'PP-EAEESS0055', 16.86, 'Battery box', 1, 'Installed'),(1051, 426, 'PP-EAES0110', 41.93, 'TDC sensor', 1, 'Installed'),(1052, 426, 'PP-PACBS0189', 55.25, 'Hold-down springs', 1, 'Installed'),(1053, 427, 'PP-EAEESS0054', 58.20, 'Performance battery', 1, 'Ordered'),(1058, 429, 'PP-EAEIS0080', 58.42, 'Ignition coil parts', 4, 'Installed'),(1059, 429, 'PP-EAELASS0085', 39.12, 'Halogen', 1, 'Installed'),(1060, 429, 'PP-EAES0100', 37.21, 'Light sensor', 1, 'Installed'),(1061, 430, 'PP-BAED0027', 54.13, 'Door seal', 1, 'Received'),(1062, 430, 'PP-EAEM0137', 43.55, 'Door contact', 1, 'Received'),(1063, 431, 'PP-EAECS0050', 75.68, 'Alternator bracket', 1, 'Installed'),(1064, 431, 'PP-EAES0126', 52.64, 'Thermostat', 1, 'Installed'),(1065, 432, 'PP-EAEAD0042', 20.60, 'Antenna cable', 1, 'Ordered'),(1066, 432, 'PP-EAEESS0059', 21.20, 'Battery plate', 1, 'Received'),(1067, 432, 'PP-PACBS0174', 5.10, 'Brake pad', 4, 'Ordered'),(1068, 433, 'PP-EAES0101', 37.10, 'Manifold absolute pressure sensor', 1, 'Installed'),(1069, 434, 'PP-PACBS0191', 41.02, 'Brake booster hose', 2, 'Installed'),(1070, 435, 'PP-BAE0011', 10.07, 'Pillar and hard trim', 1, 'Installed'),(1071, 435, 'PP-BAED0029', 56.21, 'Hinge', 1, 'Installed'),(1072, 435, 'PP-BAEW0040', 36.14, 'Window seal', 2, 'Installed'),(1073, 436, 'PP-EAEM0148', 3.87, 'Speedometer calibrator', 1, 'Installed'),(1074, 436, 'PP-IFCAP0151', 0.64, 'Carpet and other floor material', 4, 'Ordered'),(1075, 436, 'PP-PACBS0180', 1.31, 'Brake servo', 1, 'Received'),(1076, 437, 'PP-EAEESS0059', 126.42, 'Battery plate', 2, 'Installed'),(1077, 437, 'PP-EAEESS0061', 66.51, 'Voltage regulator', 1, 'Installed'),(1078, 437, 'PP-EAES0112', 61.70, 'IMA sensor', 1, 'Installed'),(1079, 438, 'PP-BAE0010', 42.70, 'Grille', 2, 'Installed'),(1080, 438, 'PP-EAEAD0044', 57.74, 'Other devices', 1, 'Installed'),(1081, 438, 'PP-EAES0124', 1.85, 'Switch cover', 1, 'Installed'),(1082, 438, 'PP-ICS0155', 4.42, 'Bucket Seat', 1, 'Ordered'),(1083, 439, 'PP-BAED0025', 83.26, 'Inner door handle', 1, 'Installed'),(1084, 439, 'PP-EAEWH0128', 102.14, 'Air conditioning harness', 1, 'Installed'),(1085, 440, 'PP-EAEAD0047', 15.58, 'Subwoofer', 1, 'Installed'),(1086, 440, 'PP-EAES0126', 27.43, 'Thermostat', 1, 'Installed'),(1087, 440, 'PP-PACBS0191', 4.52, 'Brake booster hose', 1, 'Installed'),(1088, 440, 'PP-PACBS0192', 61.82, 'Air brake nylon hose', 1, 'Installed'),(1089, 441, 'PP-BAEW0034', 16.64, 'Sunroof', 1, 'Installed'),(1090, 442, 'PP-EAEESS0056', 65.21, 'Battery cable terminal', 5, 'Ordered'),(1091, 442, 'PP-EAEESS0060', 17.13, 'Battery tray', 2, 'Installed'),(1092, 442, 'PP-EAES0102', 56.31, 'Oxygen sensor', 2, 'Received'),(1093, 443, 'PP-EAEAD0046', 28.52, 'Tuner', 1, 'Installed'),(1094, 443, 'PP-EAEGAM0062', 36.04, 'Ammeter', 1, 'Received'),(1095, 444, 'PP-BAE0002', 140.13, 'Unexposed bumper', 1, 'Installed'),(1096, 444, 'PP-EAEM0144', 127.53, 'Relay connector', 1, 'Installed'),(1097, 445, 'PP-EAELASS0092', 58.24, 'Tail light cover', 1, 'Installed'),(1098, 445, 'PP-PACBS0184', 164.47, 'Brake warning light', 1, 'Installed'),(1099, 446, 'PP-EAEM0136', 37.28, 'Cruise control computer', 1, 'Ordered'),(1100, 447, 'PP-BAEW0037', 25.14, 'Window regulator', 1, 'Installed'),(1101, 447, 'PP-EAELASS0092', 24.71, 'Tail light cover', 1, 'Received'),(1102, 448, 'PP-BAED0029', 10.36, 'Hinge', 1, 'Installed'),(1103, 448, 'PP-EAECS0051', 29.99, 'Alternator fan', 1, 'Installed'),(1104, 448, 'PP-EAEWH0131', 28.72, 'Underfloor harness', 1, 'Installed'),(1107, 450, 'PP-EAEAD0046', 100.91, 'Tuner', 1, 'Installed'),(1108, 450, 'PP-EAES0099', 51.42, 'Knock sensor', 2, 'Installed'),(1109, 451, 'PP-EAES0106', 38.88, 'Rotational sensor', 1, 'Installed'),(1110, 452, 'PP-EAES0104', 2.63, 'Pressure sensor', 1, 'Installed'),(1111, 453, 'PP-EAES0112', 39.77, 'IMA sensor', 1, 'Installed'),(1112, 453, 'PP-PACBS0189', 70.83, 'Hold-down springs', 1, 'Installed'),(1113, 454, 'PP-BAE0002', 40.89, 'Unexposed bumper', 1, 'Installed'),(1114, 454, 'PP-PACBS0183', 76.57, 'Shoe web', 1, 'Installed'),(1117, 456, 'RE-BAED0024', 89.73, 'Outer door handle', 1, 'Ordered'),(1118, 457, 'RE-EAELASS0088', 24.88, 'Interior light and lamp', 2, 'Installed'),(1119, 458, 'RE-BAE0009', 57.97, 'Front fascia and header panel', 1, 'Installed'),(1120, 458, 'RE-EAESS0117', 1.35, 'Starter Motor', 1, 'Installed'),(1121, 458, 'RE-PACBS0188', 27.78, 'Dual circuit brake system', 1, 'Installed'),(1122, 459, 'RE-BAE0021', 81.17, 'Valance', 1, 'Installed'),(1123, 459, 'RE-EAEESS0054', 116.69, 'Performance battery', 1, 'Installed'),(1124, 459, 'RE-EAEWH0129', 111.06, 'Engine compartment harness', 1, 'Ordered'),(1125, 460, 'RE-EAEGAM0072', 30.33, 'Vacuum gauge', 1, 'Received'),(1126, 461, 'RE-PACBS0175', 18.30, 'Brake pedal', 1, 'Installed'),(1127, 461, 'RE-PACBS0184', 144.80, 'Brake warning light', 1, 'Installed'),(1128, 462, 'RE-BAE0021', 19.72, 'Valance', 1, 'Installed'),(1129, 462, 'RE-PACBS0163', 26.56, 'Anti-lock braking system', 1, 'Received'),(1130, 462, 'RE-PACBS0191', 33.15, 'Brake booster hose', 1, 'Received'),(1131, 463, 'RE-EAEESS0055', 37.72, 'Battery box', 2, 'Received'),(1132, 463, 'RE-EAEESS0061', 11.64, 'Voltage regulator', 1, 'Ordered'),(1133, 463, 'RE-ICS0154', 8.97, 'Bench Seat', 1, 'Installed'),(1134, 464, 'RE-BAE0018', 58.04, 'Rear spoiler', 1, 'Installed'),(1135, 465, 'RE-BAED0028', 26.24, 'Door watershield', 1, 'Installed'),(1136, 466, 'RE-BAE0000', 25.48, 'Bonnet/hood', 2, 'Installed'),(1137, 466, 'RE-BAE0002', 49.11, 'Unexposed bumper', 1, 'Installed'),(1138, 466, 'RE-EAEM0150', 28.69, 'Wiring connector', 1, 'Installed'),(1139, 466, 'RE-PACBS0195', 14.01, 'Load-sensing valve', 1, 'Installed'),(1140, 467, 'RE-EAES0093', 20.46, 'Airbag sensor', 1, 'Installed'),(1141, 468, 'RE-ICS0161', 1.93, 'Seat cover', 1, 'Installed'),(1142, 468, 'RE-PACBS0164', 44.10, 'ABS steel pin', 1, 'Installed'),(1143, 468, 'RE-PACBS0194', 95.06, 'Hydraulic booster unit', 5, 'Installed'),(1144, 469, 'RE-BAE0000', 91.00, 'Bonnet/hood', 1, 'Received'),(1145, 469, 'RE-EAEM0148', 80.36, 'Speedometer calibrator', 1, 'Ordered'),(1146, 470, 'RE-BAED0032', 31.76, 'Centre Locking', 1, 'Installed'),(1147, 470, 'RE-EAEIS0082', 20.74, 'Magneto', 2, 'Installed'),(1148, 470, 'RE-EAEM0136', 30.53, 'Cruise control computer', 2, 'Installed'),(1149, 470, 'RE-PACBS0168', 29.23, 'Brake backing plate', 1, 'Installed'),(1150, 471, 'RE-EAEESS0056', 54.54, 'Battery cable terminal', 1, 'Installed'),(1151, 472, 'RE-EAEGAM0073', 6.34, 'Voltmeter', 1, 'Installed'),(1152, 472, 'RE-EAESS0115', 5.02, 'Starter', 4, 'Installed'),(1153, 472, 'RE-PACBS0188', 75.29, 'Dual circuit brake system', 1, 'Installed'),(1154, 473, 'RE-EAEIS0077', 33.18, 'Electronic timing controller', 1, 'Installed'),(1155, 474, 'RE-BAE0022', 118.34, 'Welded assembly', 4, 'Installed'),(1156, 474, 'RE-BAED0023', 128.44, 'Door beam and panel', 1, 'Installed'),(1157, 474, 'RE-EAEAD0041', 40.16, 'Antenna assembly', 1, 'Installed'),(1158, 474, 'RE-PACBS0166', 17.95, 'Anchor', 1, 'Installed'),(1159, 475, 'RE-EAEAD0045', 23.10, 'Speaker', 1, 'Ordered'),(1160, 475, 'RE-EAES0106', 50.81, 'Rotational sensor', 1, 'Installed'),(1161, 476, 'RE-BAEW0034', 141.81, 'Sunroof', 3, 'Installed'),(1162, 476, 'RE-EAEAD0045', 115.54, 'Speaker', 1, 'Installed'),(1163, 476, 'RE-EAEAD0046', 114.20, 'Tuner', 1, 'Installed'),(1164, 476, 'RE-EAEGAM0069', 116.66, 'Tachometer', 1, 'Installed'),(1165, 477, 'RE-BAED0023', 141.47, 'Door beam and panel', 2, 'Installed'),(1166, 477, 'RE-EAEESS0061', 136.37, 'Voltage regulator', 1, 'Installed'),(1167, 477, 'RE-ICS0153', 143.89, 'Armrest', 1, 'Installed'),(1168, 477, 'RE-PACBS0164', 143.09, 'ABS steel pin', 1, 'Installed'),(1169, 478, 'RE-EAES0108', 102.55, 'Transmission input and output sensor', 1, 'Installed'),(1170, 478, 'RE-EAEWH0129', 124.73, 'Engine compartment harness', 1, 'Installed'),(1171, 478, 'RE-PACBS0174', 85.54, 'Brake pad', 2, 'Installed'),(1172, 479, 'RE-BAED0027', 30.26, 'Door seal', 2, 'Installed'),(1173, 480, 'RE-EAES0125', 46.28, 'Switch panel', 3, 'Ordered'),(1174, 481, 'RE-BAEW0035', 8.75, 'Sunroof motor', 1, 'Installed'),(1175, 482, 'RE-EAES0120', 16.56, 'Door switch', 4, 'Installed'),(1176, 483, 'RE-BAE0004', 52.78, 'Cowl screen', 1, 'Installed'),(1177, 483, 'RE-EAELASS0085', 34.63, 'Halogen', 1, 'Installed'),(1178, 483, 'RE-PACBS0170', 10.58, 'Brake cooling duct', 1, 'Installed'),(1179, 484, 'RE-EAEAD0041', 35.84, 'Antenna assembly', 1, 'Installed'),(1180, 484, 'RE-EAEM0146', 0.04, 'Shift improver', 1, 'Installed'),(1181, 484, 'RE-ICS0153', 31.48, 'Armrest', 1, 'Installed'),(1182, 484, 'RE-PACBS0186', 79.35, 'Caliper', 1, 'Received'),(1183, 485, 'RE-EAEESS0058', 59.65, 'Battery control system', 1, 'Installed'),(1184, 486, 'RE-BAE0010', 54.67, 'Grille', 1, 'Installed'),(1185, 486, 'RE-EAEGAM0062', 90.21, 'Ammeter', 1, 'Installed'),(1186, 486, 'RE-PACBS0164', 4.70, 'ABS steel pin', 1, 'Installed'),(1189, 488, 'SD-EAEGAM0070', 59.63, 'Temperature gauge', 1, 'Installed'),(1190, 488, 'SD-EAES0096', 57.09, 'Crankshaft position sensor', 1, 'Installed'),(1191, 488, 'SD-PACBS0184', 110.59, 'Brake warning light', 1, 'Installed'),(1192, 489, 'SD-BAE0015', 68.06, 'Roof Rack', 2, 'Installed'),(1193, 489, 'SD-EAECS0048', 70.38, 'Alternator', 3, 'Installed'),(1194, 489, 'SD-ICS0162', 36.92, 'Seat track', 2, 'Installed'),(1195, 490, 'SD-BAED0032', 122.21, 'Centre Locking', 1, 'Ordered'),(1196, 490, 'SD-EAEGAM0073', 32.48, 'Voltmeter', 1, 'Installed'),(1197, 490, 'SD-ICS0160', 101.70, 'Seat bracket', 5, 'Installed'),(1199, 492, 'SD-EAEGAM0074', 57.40, 'Water temperature meter', 1, 'Installed'),(1200, 492, 'SD-EAEIS0076', 37.76, 'Distributor', 1, 'Installed'),(1201, 492, 'SD-EAESS0115', 8.44, 'Starter', 1, 'Installed'),(1202, 492, 'SD-PACBS0188', 46.04, 'Dual circuit brake system', 1, 'Installed'),(1205, 494, 'SD-EAEGAM0073', 102.23, 'Voltmeter', 1, 'Installed'),(1206, 494, 'SD-EAEIS0076', 84.46, 'Distributor', 1, 'Received'),(1207, 494, 'SD-EAELASS0087', 30.66, 'Headlight motor', 1, 'Installed'),(1208, 494, 'SD-PACBS0163', 55.51, 'Anti-lock braking system', 2, 'Installed'),(1209, 495, 'SD-BAED0027', 173.53, 'Door seal', 4, 'Installed'),(1210, 495, 'SD-EAEGAM0071', 167.62, 'Tire pressure gauge', 1, 'Installed'),(1211, 495, 'SD-EAESS0117', 15.44, 'Starter Motor', 1, 'Installed'),(1212, 495, 'SD-PACBS0183', 75.22, 'Shoe web', 4, 'Installed'),(1213, 496, 'SD-EAEM0143', 14.87, 'Performance Monitor', 1, 'Installed'),(1214, 497, 'SD-BAE0014', 55.62, 'Rocker panel', 1, 'Installed'),(1215, 497, 'SD-EAES0126', 49.30, 'Thermostat', 1, 'Installed'),(1216, 498, 'SD-BAED0023', 111.97, 'Door beam and panel', 1, 'Installed'),(1217, 498, 'SD-EAEGAM0065', 175.82, 'Fuel gauge', 1, 'Installed'),(1218, 498, 'SD-PACBS0179', 202.13, 'Brake rotor', 2, 'Installed'),(1219, 499, 'SD-EAEGAM0067', 47.45, 'Odometer', 1, 'Installed'),(1220, 499, 'SD-EAEIS0076', 53.19, 'Distributor', 1, 'Received'),(1221, 500, 'SD-BAED0029', 37.67, 'Hinge', 1, 'Installed'),(1222, 500, 'SD-EAEM0140', 30.49, 'Fuse', 1, 'Installed'),(1223, 500, 'SD-EAES0095', 40.20, 'Camshaft position sensor', 1, 'Received'),(1224, 500, 'SD-EAESS0119', 37.64, 'Spark Plug', 1, 'Received'),(1226, 502, 'SD-EAES0102', 22.07, 'Oxygen sensor', 2, 'Installed'),(1227, 503, 'SD-EAES0098', 34.24, 'Fuel level sensor', 1, 'Installed'),(1228, 503, 'SD-EAESS0115', 1.81, 'Starter', 2, 'Installed'),(1229, 503, 'SD-EAEWH0128', 36.11, 'Air conditioning harness', 1, 'Installed'),(1230, 503, 'SD-PACBS0183', 37.56, 'Shoe web', 4, 'Installed'),(1231, 504, 'SD-EAEM0150', 98.15, 'Wiring connector', 1, 'Installed'),(1233, 506, 'SD-EAEAD0047', 142.58, 'Subwoofer', 1, 'Installed'),(1234, 506, 'SD-EAEM0137', 183.33, 'Door contact', 1, 'Installed'),(1235, 506, 'SD-EAES0112', 14.82, 'IMA sensor', 1, 'Installed'),(1236, 506, 'SD-PACBS0168', 71.04, 'Brake backing plate', 1, 'Installed'),(1237, 507, 'SD-EAEM0143', 22.35, 'Performance Monitor', 1, 'Installed'),(1238, 507, 'SD-EAES0106', 30.80, 'Rotational sensor', 1, 'Installed'),(1239, 507, 'SD-EAESS0117', 19.76, 'Starter Motor', 1, 'Installed'),(1240, 507, 'SD-PACBS0193', 18.70, 'Brake duct hose', 2, 'Installed'),(1244, 509, 'SD-BAE0011', 22.12, 'Pillar and hard trim', 1, 'Received'),(1245, 509, 'SD-EAEM0146', 146.88, 'Shift improver', 1, 'Installed'),(1246, 509, 'SD-PACBS0165', 87.42, 'Adjusting mechanism', 1, 'Ordered'),(1247, 509, 'SD-PACBS0184', 134.38, 'Brake warning light', 4, 'Ordered'),(1248, 510, 'SD-EAEESS0059', 0.98, 'Battery plate', 1, 'Installed'),(1249, 510, 'SD-EAES0093', 38.95, 'Airbag sensor', 1, 'Installed'),(1253, 512, 'SD-EAES0104', 43.82, 'Pressure sensor', 1, 'Installed'),(1254, 512, 'SD-PACBS0165', 7.68, 'Adjusting mechanism', 1, 'Installed'),(1255, 513, 'SD-BAED0030', 61.05, 'Door and bonnet', 1, 'Received'),(1256, 513, 'SD-BAEW0039', 80.16, 'Windshield washer motor', 1, 'Received'),(1257, 513, 'SD-EAES0121', 57.81, 'Ignition Switch', 1, 'Received'),(1258, 513, 'SD-EAESS0116', 55.33, 'Starter drive', 1, 'Received'),(1259, 514, 'SD-BAE0022', 50.94, 'Welded assembly', 1, 'Ordered'),(1260, 514, 'SD-BAED0029', 47.60, 'Hinge', 1, 'Installed'),(1261, 514, 'SD-EAEIS0079', 74.47, 'Ignition Coil', 1, 'Received'),(1262, 514, 'SD-PACBS0179', 30.94, 'Brake rotor', 1, 'Ordered'),(1263, 515, 'SD-BAED0031', 58.30, 'Lock', 1, 'Installed'),(1264, 515, 'SD-EAEIS0081', 35.72, 'Ignition controller', 1, 'Installed'),(1265, 516, 'SD-BAE0011', 2.86, 'Pillar and hard trim', 1, 'Installed'),(1266, 516, 'SD-BAE0012', 88.94, 'Quarter panel', 1, 'Installed'),(1267, 516, 'SD-EAEIS0075', 180.74, 'Coil wire', 1, 'Installed'),(1268, 517, 'SD-BAED0031', 71.03, 'Lock', 1, 'Installed'),(1269, 517, 'SD-EAEAD0043', 47.74, 'Radio and media player', 1, 'Installed'),(1270, 517, 'SD-EAES0110', 59.54, 'TDC sensor', 1, 'Installed'),(1271, 517, 'SD-PACBS0170', 83.25, 'Brake cooling duct', 4, 'Installed'),(1272, 518, 'SX-EAEESS0056', 115.12, 'Battery cable terminal', 1, 'Received'),(1273, 518, 'SX-EAES0109', 33.55, 'ABS brack sensor', 4, 'Ordered'),(1274, 519, 'SX-BAE0000', 29.53, 'Bonnet/hood', 1, 'Received'),(1275, 519, 'SX-EAEGAM0073', 66.25, 'Voltmeter', 1, 'Received'),(1276, 520, 'SX-EAES0126', 40.70, 'Thermostat', 1, 'Installed'),(1277, 520, 'SX-PACBS0190', 99.94, 'Hose', 2, 'Installed'),(1278, 521, 'SX-BAE0013', 10.62, 'Radiator core support', 5, 'Installed'),(1279, 522, 'SX-EAEAD0046', 133.26, 'Tuner', 1, 'Installed'),(1280, 522, 'SX-PACBS0195', 37.56, 'Load-sensing valve', 1, 'Installed'),(1281, 523, 'SX-EAECS0049', 58.53, 'Alternator bearing', 1, 'Installed'),(1282, 523, 'SX-EAES0104', 151.48, 'Pressure sensor', 1, 'Installed'),(1283, 524, 'SX-BAEW0033', 26.88, 'Glass', 1, 'Installed'),(1284, 524, 'SX-EAEWH0131', 37.07, 'Underfloor harness', 1, 'Installed'),(1285, 525, 'SX-EAEM0134', 11.75, 'Central locking system', 1, 'Ordered'),(1286, 525, 'SX-PACBS0178', 28.30, 'Brake roll', 1, 'Ordered'),(1287, 526, 'SX-BAE0001', 70.68, 'Bumper', 1, 'Received'),(1288, 526, 'SX-EAEAD0043', 54.92, 'Radio and media player', 1, 'Received'),(1289, 526, 'SX-EAEIS0075', 36.20, 'Coil wire', 1, 'Received'),(1290, 526, 'SX-EAES0120', 99.28, 'Door switch', 1, 'Ordered'),(1291, 527, 'SX-EAEM0132', 284.32, 'Air bag control module', 1, 'Installed'),(1295, 529, 'SX-EAEM0148', 96.65, 'Speedometer calibrator', 5, 'Installed'),(1296, 530, 'SX-EAECS0052', 47.61, 'Other alternator parts', 1, 'Installed'),(1297, 530, 'SX-EAEIS0075', 7.79, 'Coil wire', 1, 'Installed'),(1298, 530, 'SX-EAES0101', 40.16, 'Manifold absolute pressure sensor', 1, 'Installed'),(1299, 530, 'SX-EAESS0115', 15.26, 'Starter', 1, 'Installed'),(1300, 531, 'SX-EAEGAM0072', 49.85, 'Vacuum gauge', 1, 'Installed'),(1301, 531, 'SX-EAEGAM0074', 12.10, 'Water temperature meter', 1, 'Installed'),(1302, 532, 'SX-EAEGAM0070', 132.64, 'Temperature gauge', 1, 'Installed'),(1303, 532, 'SX-EAEGAM0074', 87.65, 'Water temperature meter', 1, 'Installed'),(1304, 532, 'SX-EAES0123', 51.23, 'Steering column switch', 2, 'Installed'),(1305, 533, 'SX-BAE0000', 94.03, 'Bonnet/hood', 1, 'Installed'),(1306, 533, 'SX-PACBS0172', 52.66, 'Brake drum', 2, 'Installed'),(1307, 534, 'SX-EAEGAM0065', 184.80, 'Fuel gauge', 1, 'Installed'),(1308, 534, 'SX-PACBS0178', 48.19, 'Brake roll', 1, 'Installed'),(1309, 535, 'SX-EAEM0143', 58.90, 'Performance Monitor', 1, 'Installed'),(1310, 535, 'SX-ICS0153', 38.01, 'Armrest', 1, 'Installed'),(1311, 536, 'SX-BAED0028', 67.89, 'Door watershield', 1, 'Installed'),(1312, 536, 'SX-ICS0161', 10.16, 'Seat cover', 1, 'Installed'),(1313, 537, 'SX-BAE0007', 90.19, 'Fender Musical Instruments Corporation', 1, 'Installed'),(1314, 537, 'SX-EAEGAM0063', 106.29, 'Clinometer', 1, 'Installed'),(1315, 537, 'SX-EAEIS0081', 72.85, 'Ignition controller', 1, 'Installed'),(1316, 537, 'SX-PACBS0191', 62.24, 'Brake booster hose', 5, 'Installed'),(1317, 538, 'SX-BAED0025', 16.15, 'Inner door handle', 1, 'Received'),(1318, 538, 'SX-BAEW0033', 37.05, 'Glass', 1, 'Ordered'),(1319, 538, 'SX-EAEAD0046', 47.83, 'Tuner', 1, 'Installed'),(1320, 538, 'SX-EAEESS0060', 59.69, 'Battery tray', 1, 'Received'),(1321, 539, 'SX-PACBS0177', 120.60, 'Brake pump', 1, 'Installed'),(1322, 539, 'SX-PACBS0183', 19.59, 'Shoe web', 1, 'Installed'),(1323, 540, 'SX-BAEW0035', 5.80, 'Sunroof motor', 1, 'Ordered'),(1324, 541, 'SX-EAEM0146', 1.99, 'Shift improver', 1, 'Installed'),(1325, 542, 'SX-BAE0013', 18.49, 'Radiator core support', 1, 'Installed'),(1326, 542, 'SX-IFCAP0152', 18.09, 'Center console', 1, 'Installed'),(1327, 543, 'SX-BAE0000', 26.57, 'Bonnet/hood', 1, 'Installed'),(1328, 543, 'SX-BAE0010', 17.28, 'Grille', 4, 'Installed'),(1329, 543, 'SX-BAEW0033', 27.90, 'Glass', 1, 'Installed'),(1330, 544, 'SX-EAEIS0081', 9.46, 'Ignition controller', 1, 'Ordered'),(1331, 544, 'SX-EAEM0146', 130.17, 'Shift improver', 2, 'Installed'),(1332, 545, 'SX-BAEW0034', 1.58, 'Sunroof', 1, 'Installed'),(1333, 545, 'SX-PACBS0187', 43.05, 'Combination valve', 1, 'Installed'),(1334, 546, 'SX-BAE0003', 55.94, 'Exposed bumper', 1, 'Installed'),(1335, 547, 'SX-EAEM0138', 38.20, 'Engine computer and management system', 3, 'Installed'),(1336, 547, 'SX-EAES0125', 85.66, 'Switch panel', 1, 'Ordered'),(1337, 547, 'SX-PACBS0176', 127.22, 'Brake piston', 1, 'Ordered'),(1338, 548, 'SX-EAES0114', 85.49, 'ABS sensor', 1, 'Installed'),(1339, 549, 'SX-EAEAD0043', 3.87, 'Radio and media player', 1, 'Installed'),(1340, 550, 'SX-EAECS0048', 3.81, 'Alternator', 1, 'Installed'),(1341, 550, 'SX-EAES0126', 21.78, 'Thermostat', 1, 'Installed'),(1342, 550, 'SX-ICS0161', 11.39, 'Seat cover', 1, 'Installed'),(1343, 551, 'SX-BAE0001', 50.34, 'Bumper', 1, 'Installed'),(1344, 552, 'SX-BAEW0036', 23.15, 'Window motor', 1, 'Ordered'),(1345, 552, 'SX-BAEW0040', 48.83, 'Window seal', 1, 'Ordered'),(1346, 552, 'SX-PACBS0174', 89.44, 'Brake pad', 1, 'Ordered'),(1347, 553, 'SX-BAE0020', 80.91, 'Trunk', 1, 'Installed'),(1348, 554, 'SX-BAE0012', 23.05, 'Quarter panel', 1, 'Received'),(1349, 555, 'SX-EAEIS0080', 10.38, 'Ignition coil parts', 1, 'Installed'),(1350, 555, 'SX-EAES0124', 31.10, 'Switch cover', 1, 'Installed'),(1351, 555, 'SX-EAESS0116', 11.10, 'Starter drive', 1, 'Installed'),(1352, 556, 'SX-BAE0021', 37.12, 'Valance', 1, 'Installed'),(1353, 556, 'SX-BAED0029', 35.65, 'Hinge', 1, 'Installed'),(1354, 556, 'SX-EAEIS0081', 40.80, 'Ignition controller', 1, 'Installed'),(1355, 556, 'SX-EAEM0136', 29.29, 'Cruise control computer', 1, 'Installed'),(1356, 557, 'SX-BAE0012', 61.77, 'Quarter panel', 1, 'Ordered'),(1357, 557, 'SX-BAEW0034', 81.11, 'Sunroof', 4, 'Ordered'),(1358, 557, 'SX-PACBS0163', 67.09, 'Anti-lock braking system', 1, 'Received'),(1359, 558, 'SX-EAECS0050', 22.37, 'Alternator bracket', 4, 'Installed'),(1360, 558, 'SX-EAEM0135', 33.38, 'Chassis control computer', 1, 'Installed'),(1361, 559, 'SX-BAED0026', 11.15, 'Door control module', 1, 'Installed'),(1362, 559, 'SX-PACBS0188', 73.11, 'Dual circuit brake system', 3, 'Installed'),(1363, 560, 'SX-EAEM0140', 24.62, 'Fuse', 1, 'Installed'),(1364, 560, 'SX-PACBS0196', 73.52, 'Master Cylinder', 1, 'Installed'),(1365, 561, 'SX-EAES0105', 0.92, 'Rain sensor', 1, 'Installed'),(1366, 561, 'SX-EAES0106', 21.81, 'Rotational sensor', 2, 'Installed'),(1367, 562, 'SX-EAEESS0060', 16.42, 'Battery tray', 1, 'Installed'),(1368, 562, 'SX-EAEWH0128', 52.75, 'Air conditioning harness', 1, 'Installed'),(1369, 563, 'SX-EAEM0143', 60.67, 'Performance Monitor', 3, 'Received'),(1370, 563, 'SX-EAES0127', 60.04, 'Frame Switch', 2, 'Ordered'),(1371, 564, 'SX-PACBS0182', 33.56, 'Brake lining', 1, 'Installed'),(1372, 565, 'SX-BAE0003', 117.80, 'Exposed bumper', 1, 'Ordered'),(1373, 565, 'SX-EAES0106', 71.92, 'Rotational sensor', 2, 'Installed'),(1374, 565, 'SX-ICS0153', 56.94, 'Armrest', 1, 'Installed'),(1375, 566, 'SX-PACBS0190', 81.95, 'Hose', 1, 'Installed'),(1376, 567, 'SX-EAEM0140', 23.17, 'Fuse', 1, 'Installed'),(1377, 567, 'SX-EAES0095', 70.68, 'Camshaft position sensor', 1, 'Installed'),(1378, 567, 'SX-ICS0156', 36.86, 'Children and baby car seat', 1, 'Installed'),(1379, 567, 'SX-PACBS0180', 77.01, 'Brake servo', 1, 'Installed'),(1380, 568, 'SX-BAEW0036', 36.12, 'Window motor', 1, 'Installed'),(1381, 568, 'SX-EAEGAM0067', 43.97, 'Odometer', 1, 'Installed'),(1382, 568, 'SX-EAEIS0082', 100.51, 'Magneto', 1, 'Ordered'),(1383, 569, 'SX-EAEM0149', 5.57, 'Transmission computer', 1, 'Installed'),(1384, 570, 'SX-BAE0002', 31.71, 'Unexposed bumper', 4, 'Installed'),(1385, 570, 'SX-EAEESS0059', 2.82, 'Battery plate', 1, 'Installed'),(1386, 570, 'SX-EAEIS0076', 11.80, 'Distributor', 1, 'Installed'),(1387, 570, 'SX-EAEIS0077', 84.61, 'Electronic timing controller', 1, 'Installed'),(1388, 571, 'SX-EAEGAM0068', 10.25, 'Speedometer', 2, 'Received'),(1389, 572, 'SX-BAE0010', 37.86, 'Grille', 1, 'Installed'),(1390, 572, 'SX-BAED0027', 8.63, 'Door seal', 1, 'Installed'),(1391, 572, 'SX-EAEAD0045', 61.64, 'Speaker', 1, 'Installed'),(1392, 572, 'SX-IFCAP0151', 10.04, 'Carpet and other floor material', 1, 'Installed'),(1395, 574, 'SX-BAED0028', 24.56, 'Door watershield', 4, 'Installed'),(1396, 574, 'SX-BAED0031', 20.51, 'Lock', 1, 'Installed'),(1397, 574, 'SX-EAEM0139', 11.48, 'Engine control unit', 1, 'Installed'),(1398, 574, 'SX-ICS0156', 8.73, 'Children and baby car seat', 2, 'Installed'),(1399, 575, 'SX-BAE0007', 2.77, 'Fender Musical Instruments Corporation', 1, 'Installed'),(1400, 575, 'SX-EAEM0145', 30.03, 'Remote lock', 1, 'Installed'),(1401, 575, 'SX-PACBS0191', 13.46, 'Brake booster hose', 2, 'Installed'),(1402, 576, 'SX-BAE0016', 97.03, 'Spoiler', 1, 'Installed'),(1403, 576, 'SX-BAEW0038', 35.52, 'Windshield', 1, 'Installed'),(1404, 576, 'SX-EAEIS0081', 51.87, 'Ignition controller', 1, 'Installed'),(1405, 576, 'SX-PACBS0198', 39.83, 'Other braking system parts', 1, 'Installed'),(1406, 577, 'SX-BAE0005', 42.19, 'Decklid', 2, 'Installed'),(1407, 577, 'SX-BAED0031', 66.10, 'Lock', 1, 'Installed'),(1408, 577, 'SX-EAEGAM0065', 24.40, 'Fuel gauge', 1, 'Installed'),(1409, 578, 'SX-BAE0009', 39.08, 'Front fascia and header panel', 1, 'Installed'),(1410, 578, 'SX-BAE0021', 13.36, 'Valance', 1, 'Installed'),(1411, 578, 'SX-BAEW0037', 9.29, 'Window regulator', 2, 'Received'),(1412, 579, 'SX-BAED0029', 131.97, 'Hinge', 1, 'Installed'),(1413, 579, 'SX-EAEM0143', 75.95, 'Performance Monitor', 1, 'Installed'),(1414, 579, 'SX-EAES0095', 15.05, 'Camshaft position sensor', 1, 'Installed'),(1415, 579, 'SX-PACBS0195', 32.22, 'Load-sensing valve', 1, 'Installed'),(1418, 581, 'SX-EAEGAM0069', 45.29, 'Tachometer', 1, 'Ordered'),(1419, 582, 'SX-EAEESS0061', 59.94, 'Voltage regulator', 1, 'Ordered'),(1420, 582, 'SX-EAES0107', 54.30, 'Temperature sensor', 1, 'Received'),(1421, 582, 'SX-ICS0161', 33.99, 'Seat cover', 4, 'Ordered'),(1422, 582, 'SX-PACBS0167', 44.75, 'Bleed nipple', 1, 'Received'),(1423, 583, 'SX-BAED0024', 6.77, 'Outer door handle', 1, 'Installed'),(1424, 583, 'SX-EAEAD0043', 24.63, 'Radio and media player', 1, 'Installed'),(1425, 583, 'SX-EAEM0148', 10.63, 'Speedometer calibrator', 1, 'Installed'),(1426, 583, 'SX-ICS0159', 18.65, 'Seat Belt', 1, 'Installed'),(1427, 584, 'SX-BAED0028', 3.35, 'Door watershield', 3, 'Installed'),(1428, 584, 'SX-ICS0156', 10.93, 'Children and baby car seat', 1, 'Installed'),(1429, 584, 'SX-PACBS0175', 3.60, 'Brake pedal', 1, 'Installed'),(1430, 584, 'SX-PACBS0181', 4.12, 'Brake shoe', 1, 'Installed'),(1431, 585, 'SX-BAE0021', 24.07, 'Valance', 1, 'Installed'),(1432, 585, 'SX-BAEW0039', 22.99, 'Windshield washer motor', 1, 'Installed'),(1433, 585, 'SX-EAECS0049', 1.08, 'Alternator bearing', 1, 'Installed'),(1434, 585, 'SX-EAEM0142', 22.16, 'Performance chip', 1, 'Installed'),(1435, 586, 'SX-EAEIS0080', 24.02, 'Ignition coil parts', 1, 'Ordered'),(1436, 587, 'SX-BAE0012', 80.11, 'Quarter panel', 1, 'Installed'),(1437, 587, 'SX-BAED0029', 86.83, 'Hinge', 1, 'Installed'),(1438, 587, 'SX-ICS0156', 46.55, 'Children and baby car seat', 1, 'Installed'),(1439, 587, 'SX-PACBS0186', 74.56, 'Caliper', 3, 'Installed'),(1440, 588, 'SX-EAEM0142', 9.93, 'Performance chip', 1, 'Ordered'),(1441, 588, 'SX-EAES0102', 31.48, 'Oxygen sensor', 1, 'Received'),(1442, 588, 'SX-EAES0109', 6.34, 'ABS brack sensor', 1, 'Installed'),(1443, 589, 'SX-BAED0023', 3.34, 'Door beam and panel', 2, 'Ordered'),(1444, 589, 'SX-EAELASS0089', 9.93, 'License plate lamp', 1, 'Installed'),(1445, 589, 'SX-ICS0153', 26.74, 'Armrest', 1, 'Installed'),(1446, 589, 'SX-PACBS0183', 27.06, 'Shoe web', 2, 'Received'),(1447, 590, 'SX-BAE0003', 21.23, 'Exposed bumper', 4, 'Received'),(1448, 590, 'SX-BAED0023', 49.15, 'Door beam and panel', 1, 'Ordered'),(1449, 590, 'SX-EAEESS0053', 30.85, 'Battery', 1, 'Ordered'),(1450, 591, 'SX-BAED0028', 37.86, 'Door watershield', 4, 'Installed'),(1451, 591, 'SX-EAES0110', 25.93, 'TDC sensor', 1, 'Installed'),(1452, 592, 'SX-BAED0024', 120.51, 'Outer door handle', 4, 'Installed'),(1453, 592, 'SX-EAEIS0078', 35.67, 'Ignition box', 2, 'Installed'),(1454, 593, 'SE-EAELASS0086', 40.39, 'Headlight', 1, 'Installed'),(1455, 594, 'SE-BAEW0036', 24.23, 'Window motor', 4, 'Installed'),(1456, 595, 'SE-EAES0104', 59.48, 'Pressure sensor', 1, 'Ordered'),(1457, 595, 'SE-ICS0154', 78.04, 'Bench Seat', 1, 'Ordered'),(1458, 595, 'SE-PACBS0195', 58.97, 'Load-sensing valve', 1, 'Installed'),(1459, 596, 'SE-EAEESS0058', 45.56, 'Battery control system', 1, 'Installed'),(1460, 596, 'SE-EAES0123', 21.25, 'Steering column switch', 1, 'Installed'),(1461, 597, 'SE-EAES0102', 10.31, 'Oxygen sensor', 4, 'Installed'),(1462, 597, 'SE-IFCAP0151', 1.56, 'Carpet and other floor material', 1, 'Installed'),(1463, 598, 'SE-BAE0001', 33.13, 'Bumper', 1, 'Installed'),(1464, 598, 'SE-EAEGAM0071', 70.70, 'Tire pressure gauge', 1, 'Installed'),(1465, 599, 'SE-EAEGAM0070', 10.49, 'Temperature gauge', 1, 'Installed'),(1466, 599, 'SE-EAEIS0077', 15.78, 'Electronic timing controller', 1, 'Installed'),(1467, 599, 'SE-EAEM0139', 19.47, 'Engine control unit', 1, 'Installed'),(1468, 599, 'SE-EAES0126', 19.95, 'Thermostat', 1, 'Installed'),(1469, 600, 'SE-BAED0027', 8.09, 'Door seal', 1, 'Installed'),(1470, 600, 'SE-EAEGAM0070', 44.43, 'Temperature gauge', 2, 'Installed'),(1471, 601, 'SE-BAE0003', 16.86, 'Exposed bumper', 1, 'Installed'),(1472, 601, 'SE-EAECS0050', 10.17, 'Alternator bracket', 1, 'Installed'),(1473, 601, 'SE-EAES0120', 78.52, 'Door switch', 1, 'Installed'),(1474, 601, 'SE-EAESS0118', 124.39, 'Starter solenoid', 1, 'Installed'),(1475, 602, 'SE-BAE0015', 45.27, 'Roof Rack', 1, 'Installed'),(1476, 602, 'SE-EAEIS0075', 10.39, 'Coil wire', 1, 'Installed'),(1477, 603, 'SE-EAEAD0047', 86.88, 'Subwoofer', 1, 'Installed'),(1478, 603, 'SE-EAECS0050', 91.13, 'Alternator bracket', 1, 'Installed'),(1479, 603, 'SE-ICS0162', 52.57, 'Seat track', 1, 'Installed'),(1480, 604, 'SE-EAES0114', 129.36, 'ABS sensor', 1, 'Installed'),(1481, 604, 'SE-ICS0157', 42.26, 'Fastener', 1, 'Installed'),(1482, 605, 'SE-EAES0111', 5.22, 'MAP sensor', 1, 'Installed'),(1483, 606, 'SE-ICS0158', 3.28, 'Headrest', 1, 'Received'),(1484, 606, 'SE-PACBS0189', 77.82, 'Hold-down springs', 1, 'Installed'),(1485, 607, 'SE-EAELASS0084', 41.75, 'Fog Light', 1, 'Received'),(1486, 607, 'SE-EAES0125', 42.92, 'Switch panel', 1, 'Ordered'),(1487, 607, 'SE-ICS0160', 77.88, 'Seat bracket', 1, 'Ordered'),(1488, 607, 'SE-PACBS0198', 52.50, 'Other braking system parts', 1, 'Received'),(1489, 608, 'SE-BAE0009', 28.73, 'Front fascia and header panel', 1, 'Installed'),(1490, 608, 'SE-EAES0127', 11.99, 'Frame Switch', 1, 'Installed'),(1491, 608, 'SE-PACBS0181', 25.72, 'Brake shoe', 1, 'Installed'),(1492, 609, 'SE-BAEW0033', 70.18, 'Glass', 1, 'Received'),(1493, 609, 'SE-EAES0094', 92.72, 'Anti-pinch sensor', 1, 'Installed'),(1494, 609, 'SE-EAES0107', 27.26, 'Temperature sensor', 1, 'Received'),(1495, 609, 'SE-EAESS0116', 36.90, 'Starter drive', 1, 'Ordered'),(1496, 610, 'SE-EAEAD0042', 76.09, 'Antenna cable', 4, 'Installed'),(1497, 610, 'SE-EAEGAM0070', 59.72, 'Temperature gauge', 1, 'Installed'),(1498, 610, 'SE-EAEWH0131', 2.08, 'Underfloor harness', 1, 'Installed'),(1499, 611, 'SE-EAEIS0075', 46.59, 'Coil wire', 1, 'Installed'),(1500, 612, 'SE-EAES0104', 14.12, 'Pressure sensor', 1, 'Installed'),(1501, 612, 'SE-EAESS0117', 56.20, 'Starter Motor', 3, 'Installed'),(1502, 612, 'SE-EAEWH0128', 74.85, 'Air conditioning harness', 1, 'Installed'),(1503, 613, 'SE-PACBS0186', 45.76, 'Caliper', 1, 'Received'),(1504, 614, 'SE-EAES0106', 54.02, 'Rotational sensor', 4, 'Installed'),(1505, 614, 'SE-PACBS0184', 93.33, 'Brake warning light', 1, 'Installed'),(1506, 614, 'SE-PACBS0189', 95.35, 'Hold-down springs', 4, 'Installed'),(1507, 614, 'SE-PACBS0191', 40.17, 'Brake booster hose', 1, 'Installed'),(1508, 615, 'SE-BAE0002', 41.32, 'Unexposed bumper', 1, 'Ordered'),(1509, 615, 'SE-BAE0009', 10.00, 'Front fascia and header panel', 1, 'Received'),(1510, 615, 'SE-EAEGAM0068', 39.23, 'Speedometer', 2, 'Received'),(1511, 615, 'SE-PACBS0192', 1.08, 'Air brake nylon hose', 1, 'Received'),(1514, 617, 'SE-EAESS0116', 117.84, 'Starter drive', 1, 'Ordered'),(1515, 618, 'SE-BAE0005', 14.22, 'Decklid', 1, 'Installed'),(1516, 619, 'SE-EAES0093', 25.64, 'Airbag sensor', 1, 'Installed'),(1517, 620, 'SE-EAEM0148', 113.03, 'Speedometer calibrator', 1, 'Installed'),(1518, 621, 'SE-EAECS0048', 21.15, 'Alternator', 1, 'Received'),(1519, 621, 'SE-EAES0101', 55.19, 'Manifold absolute pressure sensor', 1, 'Ordered'),(1520, 621, 'SE-EAES0124', 57.42, 'Switch cover', 1, 'Received'),(1521, 621, 'SE-PACBS0190', 35.44, 'Hose', 1, 'Received'),(1523, 623, 'SE-EAECS0049', 16.99, 'Alternator bearing', 1, 'Installed'),(1524, 623, 'SE-EAEESS0057', 23.31, 'Battery cable', 2, 'Installed'),(1525, 623, 'SE-EAEWH0129', 94.32, 'Engine compartment harness', 3, 'Installed'),(1526, 624, 'SE-10141', 13.80, 'Fuse Box: The Alternative Tribute', 1, 'Installed'),(1527, 624, 'SE-BAE0002', 18.38, 'Unexposed bumper', 3, 'Installed'),(1528, 624, 'SE-EAEM0134', 77.70, 'Central locking system', 1, 'Installed'),(1529, 624, 'SE-EAESS0119', 21.71, 'Spark Plug', 1, 'Installed'),(1530, 625, 'SE-EAEIS0079', 35.95, 'Ignition Coil', 1, 'Ordered'),(1531, 625, 'SE-PACBS0168', 27.39, 'Brake backing plate', 1, 'Ordered'),(1532, 626, 'SE-BAEW0036', 26.30, 'Window motor', 1, 'Ordered'),(1533, 626, 'SE-EAELASS0083', 23.52, 'Engine bay lighting', 1, 'Received'),(1534, 626, 'SE-EAES0105', 18.25, 'Rain sensor', 1, 'Received'),(1535, 627, 'SE-BAEW0033', 31.60, 'Glass', 1, 'Ordered'),(1536, 627, 'SE-EAEESS0056', 25.59, 'Battery cable terminal', 4, 'Received'),(1537, 627, 'SE-EAEGAM0065', 28.43, 'Fuel gauge', 2, 'Ordered'),(1538, 627, 'SE-EAEGAM0069', 30.65, 'Tachometer', 4, 'Received'),(1539, 628, 'SE-EAEM0138', 4.45, 'Engine computer and management system', 1, 'Installed'),(1541, 630, 'SE-EAEGAM0067', 16.49, 'Odometer', 1, 'Received'),(1542, 630, 'SE-EAEIS0076', 7.38, 'Distributor', 1, 'Ordered'),(1548, 633, 'XM-EAES0093', 58.29, 'Airbag sensor', 2, 'Installed'),(1549, 633, 'XM-EAES0100', 4.56, 'Light sensor', 1, 'Installed'),(1550, 634, 'XM-EAEIS0076', 33.25, 'Distributor', 1, 'Installed'),(1551, 634, 'XM-EAEM0140', 37.07, 'Fuse', 3, 'Installed'),(1552, 634, 'XM-EAES0103', 16.41, 'Power-steering pressure sensor', 1, 'Installed'),(1553, 634, 'XM-ICS0158', 4.10, 'Headrest', 1, 'Installed'),(1554, 635, 'XM-EAES0126', 172.45, 'Thermostat', 5, 'Installed'),(1555, 636, 'XM-BAE0013', 62.75, 'Radiator core support', 1, 'Installed'),(1556, 636, 'XM-EAEM0138', 66.74, 'Engine computer and management system', 1, 'Installed'),(1557, 636, 'XM-ICS0154', 136.21, 'Bench Seat', 4, 'Installed'),(1558, 637, 'XM-ICS0157', 98.21, 'Fastener', 1, 'Installed'),(1559, 638, 'XM-EAEESS0060', 55.56, 'Battery tray', 1, 'Installed'),(1560, 638, 'XM-EAES0098', 46.10, 'Fuel level sensor', 1, 'Installed'),(1561, 638, 'XM-ICS0154', 16.81, 'Bench Seat', 2, 'Installed'),(1562, 638, 'XM-ICS0156', 61.18, 'Children and baby car seat', 2, 'Installed'),(1563, 639, 'XM-BAE0014', 27.14, 'Rocker panel', 1, 'Received'),(1564, 639, 'XM-PACBS0165', 15.54, 'Adjusting mechanism', 1, 'Ordered'),(1565, 639, 'XM-PACBS0194', 44.03, 'Hydraulic booster unit', 1, 'Installed'),(1566, 640, 'XM-EAEGAM0072', 98.53, 'Vacuum gauge', 1, 'Ordered'),(1567, 640, 'XM-EAEIS0076', 54.53, 'Distributor', 1, 'Received'),(1568, 640, 'XM-EAELASS0091', 70.10, 'Tail light', 2, 'Ordered'),(1570, 642, 'XM-BAE0016', 135.15, 'Spoiler', 1, 'Installed'),(1571, 642, 'XM-EAES0109', 118.63, 'ABS brack sensor', 1, 'Ordered'),(1572, 642, 'XM-ICS0157', 4.28, 'Fastener', 1, 'Ordered'),(1573, 643, 'XM-EAECS0050', 56.90, 'Alternator bracket', 1, 'Installed'),(1574, 643, 'XM-EAES0109', 138.84, 'ABS brack sensor', 3, 'Installed'),(1575, 643, 'XM-EAES0123', 84.42, 'Steering column switch', 1, 'Installed'),(1576, 644, 'XM-BAE0018', 44.79, 'Rear spoiler', 1, 'Installed'),(1577, 644, 'XM-EAEM0147', 124.39, 'Speed controller', 1, 'Installed'),(1578, 644, 'XM-EAES0099', 25.31, 'Knock sensor', 2, 'Installed'),(1579, 644, 'XM-PACBS0183', 71.42, 'Shoe web', 1, 'Installed'),(1580, 645, 'XM-EAEM0150', 20.62, 'Wiring connector', 1, 'Installed'),(1581, 645, 'XM-PACBS0165', 18.33, 'Adjusting mechanism', 1, 'Installed'),(1582, 645, 'XM-PACBS0175', 34.12, 'Brake pedal', 1, 'Installed'),(1583, 645, 'XM-PACBS0183', 11.49, 'Shoe web', 1, 'Installed'),(1584, 646, 'XM-BAEW0034', 32.54, 'Sunroof', 1, 'Installed'),(1585, 646, 'XM-EAEAD0045', 20.69, 'Speaker', 1, 'Ordered'),(1586, 646, 'XM-EAEM0142', 15.56, 'Performance chip', 1, 'Installed'),(1587, 647, 'XM-BAED0030', 75.78, 'Door and bonnet', 1, 'Installed'),(1588, 647, 'XM-EAEM0138', 18.79, 'Engine computer and management system', 1, 'Installed'),(1589, 647, 'XM-PACBS0163', 35.03, 'Anti-lock braking system', 1, 'Installed'),(1590, 648, 'XM-BAEW0034', 48.68, 'Sunroof', 1, 'Installed'),(1591, 648, 'XM-EAEAD0041', 51.78, 'Antenna assembly', 1, 'Installed'),(1592, 648, 'XM-EAEGAM0069', 8.18, 'Tachometer', 2, 'Installed'),(1593, 648, 'XM-EAEIS0082', 43.95, 'Magneto', 1, 'Installed'),(1596, 650, 'XM-BAE0007', 13.30, 'Fender Musical Instruments Corporation', 1, 'Installed'),(1597, 650, 'XM-EAEGAM0067', 59.35, 'Odometer', 1, 'Installed'),(1598, 650, 'XM-EAEM0136', 44.80, 'Cruise control computer', 1, 'Installed'),(1599, 650, 'XM-EAEM0145', 23.71, 'Remote lock', 1, 'Installed'),(1600, 651, 'XM-EAELASS0086', 6.88, 'Headlight', 1, 'Installed'),(1601, 651, 'XM-EAEM0146', 99.66, 'Shift improver', 1, 'Installed'),(1602, 651, 'XM-EAES0106', 46.21, 'Rotational sensor', 1, 'Installed'),(1603, 651, 'XM-EAES0110', 95.66, 'TDC sensor', 1, 'Installed'),(1604, 652, 'XM-EAES0093', 36.37, 'Airbag sensor', 1, 'Installed'),(1605, 652, 'XM-PACBS0194', 12.03, 'Hydraulic booster unit', 2, 'Installed'),(1606, 653, 'XM-BAED0029', 15.53, 'Hinge', 1, 'Installed'),(1607, 653, 'XM-EAEAD0047', 19.80, 'Subwoofer', 1, 'Installed'),(1608, 653, 'XM-EAELASS0091', 56.62, 'Tail light', 1, 'Installed'),(1609, 654, 'XM-EAEIS0078', 49.60, 'Ignition box', 4, 'Installed'),(1610, 655, 'XM-EAEESS0055', 45.73, 'Battery box', 2, 'Installed'),(1611, 656, 'XM-10141', 30.67, 'Fuse Box: The Alternative Tribute', 1, 'Received'),(1612, 656, 'XM-EAEESS0055', 2.12, 'Battery box', 1, 'Ordered'),(1613, 656, 'XM-PACBS0173', 9.96, 'Brake line', 1, 'Received'),(1614, 657, 'XM-EAES0101', 67.09, 'Manifold absolute pressure sensor', 1, 'Installed'),(1615, 657, 'XM-EAES0126', 16.17, 'Thermostat', 1, 'Installed'),(1616, 657, 'XM-EAESS0116', 84.39, 'Starter drive', 1, 'Installed'),(1617, 657, 'XM-EAESS0117', 41.00, 'Starter Motor', 2, 'Installed'),(1618, 658, 'XM-EAEAD0045', 28.19, 'Speaker', 1, 'Installed'),(1619, 658, 'XM-EAES0127', 67.95, 'Frame Switch', 1, 'Installed'),(1620, 659, 'XM-BAEW0034', 62.80, 'Sunroof', 1, 'Installed'),(1621, 660, 'XM-EAEIS0081', 42.08, 'Ignition controller', 1, 'Installed'),(1622, 661, 'XM-EAELASS0084', 35.15, 'Fog Light', 1, 'Installed'),(1623, 661, 'XM-EAES0125', 83.36, 'Switch panel', 1, 'Installed'),(1624, 661, 'XM-PACBS0164', 25.68, 'ABS steel pin', 1, 'Installed'),(1625, 662, 'XM-BAE0007', 20.19, 'Fender Musical Instruments Corporation', 1, 'Installed'),(1626, 662, 'XM-EAEESS0058', 12.33, 'Battery control system', 4, 'Installed'),(1627, 662, 'XM-EAEESS0059', 34.39, 'Battery plate', 1, 'Installed'),(1628, 662, 'XM-EAEGAM0074', 0.39, 'Water temperature meter', 1, 'Installed'),(1629, 663, 'XM-EAEM0134', 27.96, 'Central locking system', 1, 'Installed'),(1630, 663, 'XM-EAES0094', 87.30, 'Anti-pinch sensor', 2, 'Ordered'),(1631, 663, 'XM-PACBS0180', 93.93, 'Brake servo', 1, 'Installed'),(1632, 663, 'XM-PACBS0189', 53.20, 'Hold-down springs', 2, 'Installed'),(1633, 664, 'XM-BAE0004', 12.57, 'Cowl screen', 4, 'Received'),(1634, 664, 'XM-BAE0009', 65.73, 'Front fascia and header panel', 1, 'Received'),(1635, 664, 'XM-EAECS0051', 69.40, 'Alternator fan', 1, 'Ordered'),(1636, 665, 'XM-BAED0032', 142.87, 'Centre Locking', 1, 'Installed'),(1637, 665, 'XM-EAEIS0080', 81.54, 'Ignition coil parts', 1, 'Installed'),(1638, 665, 'XM-EAESS0115', 51.26, 'Starter', 4, 'Installed'),(1639, 666, 'XM-EAEESS0060', 24.33, 'Battery tray', 1, 'Received'),(1640, 666, 'XM-PACBS0168', 23.03, 'Brake backing plate', 1, 'Ordered'),(1641, 667, 'XM-ICS0159', 7.36, 'Seat Belt', 1, 'Installed'),(1643, 669, 'XM-BAE0016', 16.08, 'Spoiler', 1, 'Installed'),(1644, 669, 'XM-EAES0112', 65.71, 'IMA sensor', 1, 'Ordered'),(1645, 669, 'XM-EAESS0116', 121.57, 'Starter drive', 1, 'Ordered'),(1646, 669, 'XM-PACBS0174', 22.75, 'Brake pad', 1, 'Received'),(1647, 670, 'XM-BAE0021', 64.50, 'Valance', 1, 'Ordered'),(1648, 670, 'XM-EAEAD0047', 60.82, 'Subwoofer', 1, 'Received'),(1649, 670, 'XM-EAEGAM0063', 61.54, 'Clinometer', 4, 'Installed'),(1650, 670, 'XM-PACBS0188', 59.94, 'Dual circuit brake system', 1, 'Ordered'),(1651, 671, 'XM-PACBS0174', 17.97, 'Brake pad', 2, 'Installed'),(1652, 672, 'XM-EAEIS0076', 30.14, 'Distributor', 2, 'Installed'),(1653, 672, 'XM-EAEIS0080', 32.58, 'Ignition coil parts', 2, 'Installed'),(1654, 672, 'XM-PACBS0185', 30.66, 'Calibrated friction brake', 1, 'Installed'),(1655, 673, 'XM-EAEM0139', 42.35, 'Engine control unit', 1, 'Installed'),(1656, 673, 'XM-ICS0160', 37.41, 'Seat bracket', 1, 'Installed'),(1657, 673, 'XM-PACBS0173', 38.24, 'Brake line', 1, 'Installed'),(1658, 674, 'XM-BAE0007', 23.16, 'Fender Musical Instruments Corporation', 2, 'Installed'),(1659, 674, 'XM-BAE0019', 6.66, 'Trim package', 1, 'Installed'),(1660, 674, 'XM-EAES0120', 21.88, 'Door switch', 1, 'Installed'),(1661, 674, 'XM-EAEWH0129', 25.07, 'Engine compartment harness', 1, 'Installed'),(1662, 675, 'XM-EAEIS0075', 49.22, 'Coil wire', 1, 'Installed'),(1663, 676, 'XM-EAEAD0046', 169.77, 'Tuner', 1, 'Installed'),(1664, 676, 'XM-EAEESS0057', 72.39, 'Battery cable', 2, 'Installed'),(1665, 676, 'XM-EAES0123', 53.21, 'Steering column switch', 1, 'Installed'),(1666, 676, 'XM-ICS0153', 93.17, 'Armrest', 1, 'Installed'),(1667, 677, 'XM-EAES0102', 173.57, 'Oxygen sensor', 1, 'Installed'),(1668, 677, 'XM-EAES0123', 150.62, 'Steering column switch', 1, 'Installed'),(1669, 678, 'YN-BAE0009', 27.14, 'Front fascia and header panel', 1, 'Installed'),(1672, 680, 'YN-EAEM0144', 10.95, 'Relay connector', 1, 'Installed'),(1673, 680, 'YN-EAESS0116', 12.30, 'Starter drive', 1, 'Installed'),(1674, 680, 'YN-PACBS0180', 7.57, 'Brake servo', 1, 'Installed'),(1677, 682, 'YN-EAEAD0043', 76.58, 'Radio and media player', 1, 'Installed'),(1678, 682, 'YN-EAEWH0131', 97.18, 'Underfloor harness', 1, 'Installed'),(1679, 682, 'YN-ICS0157', 8.77, 'Fastener', 1, 'Installed'),(1680, 682, 'YN-ICS0160', 76.97, 'Seat bracket', 1, 'Installed'),(1681, 683, 'YN-EAEM0150', 25.85, 'Wiring connector', 1, 'Received'),(1682, 684, 'YN-BAE0017', 1.81, 'Front spoiler', 1, 'Ordered'),(1683, 684, 'YN-EAELASS0091', 113.27, 'Tail light', 2, 'Received'),(1684, 684, 'YN-PACBS0195', 13.47, 'Load-sensing valve', 1, 'Installed'),(1685, 685, 'YN-EAES0125', 60.25, 'Switch panel', 1, 'Ordered'),(1689, 687, 'YN-EAEGAM0068', 88.54, 'Speedometer', 1, 'Installed'),(1690, 687, 'YN-ICS0160', 81.59, 'Seat bracket', 1, 'Installed'),(1691, 688, 'YN-BAE0012', 0.19, 'Quarter panel', 1, 'Installed'),(1692, 688, 'YN-EAECS0052', 19.47, 'Other alternator parts', 4, 'Installed'),(1693, 688, 'YN-EAEWH0131', 8.42, 'Underfloor harness', 1, 'Installed'),(1694, 688, 'YN-PACBS0178', 5.38, 'Brake roll', 1, 'Installed'),(1695, 689, 'YN-EAECS0052', 48.71, 'Other alternator parts', 1, 'Installed'),(1696, 689, 'YN-EAEESS0055', 28.30, 'Battery box', 1, 'Received'),(1697, 689, 'YN-EAES0108', 80.15, 'Transmission input and output sensor', 1, 'Installed'),(1698, 690, 'YN-BAED0025', 8.60, 'Inner door handle', 1, 'Installed'),(1699, 690, 'YN-EAES0106', 14.40, 'Rotational sensor', 1, 'Installed'),(1700, 690, 'YN-ICS0159', 43.14, 'Seat Belt', 1, 'Installed'),(1701, 691, 'YN-EAEGAM0070', 116.45, 'Temperature gauge', 4, 'Installed'),(1702, 691, 'YN-PACBS0172', 37.93, 'Brake drum', 1, 'Installed'),(1703, 691, 'YN-PACBS0179', 9.95, 'Brake rotor', 2, 'Installed'),(1704, 691, 'YN-PACBS0195', 95.47, 'Load-sensing valve', 1, 'Installed'),(1705, 692, 'YN-EAEM0139', 20.29, 'Engine control unit', 1, 'Installed'),(1706, 692, 'YN-EAEWH0128', 22.85, 'Air conditioning harness', 3, 'Installed'),(1707, 693, 'YN-BAE0000', 61.15, 'Bonnet/hood', 1, 'Received'),(1708, 694, 'YN-BAEW0034', 24.32, 'Sunroof', 1, 'Installed'),(1709, 694, 'YN-EAEGAM0069', 37.36, 'Tachometer', 1, 'Installed'),(1710, 694, 'YN-EAEIS0075', 1.50, 'Coil wire', 1, 'Installed'),(1711, 694, 'YN-EAES0111', 41.08, 'MAP sensor', 1, 'Installed'),(1712, 695, 'YN-EAEM0143', 12.54, 'Performance Monitor', 1, 'Installed'),(1713, 695, 'YN-EAES0100', 2.78, 'Light sensor', 1, 'Installed'),(1714, 695, 'YN-PACBS0166', 6.70, 'Anchor', 1, 'Installed'),(1715, 696, 'YN-BAEW0036', 7.43, 'Window motor', 1, 'Ordered'),(1716, 696, 'YN-EAES0124', 11.74, 'Switch cover', 1, 'Received'),(1717, 696, 'YN-EAEWH0131', 21.82, 'Underfloor harness', 3, 'Installed'),(1718, 696, 'YN-ICS0158', 17.83, 'Headrest', 1, 'Received'),(1719, 697, 'YN-BAEW0035', 12.99, 'Sunroof motor', 2, 'Installed'),(1720, 697, 'YN-EAEM0147', 2.81, 'Speed controller', 1, 'Installed'),(1721, 697, 'YN-ICS0162', 30.79, 'Seat track', 1, 'Installed'),(1722, 698, 'YN-EAELASS0089', 56.77, 'License plate lamp', 1, 'Installed'),(1723, 698, 'YN-EAES0101', 45.98, 'Manifold absolute pressure sensor', 1, 'Installed'),(1724, 698, 'YN-PACBS0193', 135.51, 'Brake duct hose', 1, 'Installed'),(1725, 699, 'YN-PACBS0196', 45.40, 'Master Cylinder', 1, 'Installed'),(1726, 700, 'YN-EAELASS0085', 91.22, 'Halogen', 1, 'Installed'),(1727, 700, 'YN-EAELASS0086', 27.38, 'Headlight', 2, 'Installed'),(1728, 700, 'YN-EAES0114', 19.91, 'ABS sensor', 5, 'Installed'),(1729, 700, 'YN-IFCAP0152', 31.77, 'Center console', 1, 'Installed'),(1730, 701, 'YN-EAEAD0043', 28.26, 'Radio and media player', 1, 'Installed'),(1731, 701, 'YN-EAEIS0080', 59.58, 'Ignition coil parts', 1, 'Installed'),(1732, 701, 'YN-EAES0100', 76.39, 'Light sensor', 1, 'Installed'),(1733, 701, 'YN-PACBS0186', 75.63, 'Caliper', 1, 'Installed'),(1737, 703, 'YN-BAE0022', 7.96, 'Welded assembly', 1, 'Installed'),(1738, 703, 'YN-EAEM0149', 28.74, 'Transmission computer', 1, 'Installed'),(1739, 703, 'YN-EAES0102', 2.11, 'Oxygen sensor', 1, 'Installed'),(1740, 703, 'YN-PACBS0198', 26.89, 'Other braking system parts', 4, 'Installed'),(1741, 704, 'YN-EAELASS0086', 24.03, 'Headlight', 1, 'Installed'),(1742, 704, 'YN-EAEWH0128', 88.41, 'Air conditioning harness', 1, 'Installed'),(1743, 704, 'YN-PACBS0196', 30.07, 'Master Cylinder', 2, 'Installed'),(1744, 705, 'YN-EAES0105', 18.63, 'Rain sensor', 1, 'Installed'),(1745, 705, 'YN-EAESS0115', 12.44, 'Starter', 1, 'Installed'),(1746, 705, 'YN-ICS0159', 0.17, 'Seat Belt', 1, 'Installed'),(1747, 705, 'YN-PACBS0181', 3.98, 'Brake shoe', 1, 'Installed'),(1748, 706, 'YN-BAE0010', 53.59, 'Grille', 1, 'Installed'),(1749, 706, 'YN-EAES0108', 122.40, 'Transmission input and output sensor', 2, 'Installed'),(1750, 707, 'YN-BAE0003', 84.17, 'Exposed bumper', 1, 'Installed'),(1751, 708, 'YN-BAE0017', 13.66, 'Front spoiler', 1, 'Installed'),(1752, 708, 'YN-PACBS0168', 22.59, 'Brake backing plate', 1, 'Installed'),(1753, 709, 'YN-EAEIS0080', 22.39, 'Ignition coil parts', 1, 'Installed'),(1754, 709, 'YN-PACBS0185', 3.43, 'Calibrated friction brake', 1, 'Installed'),(1755, 710, 'YN-PACBS0163', 126.33, 'Anti-lock braking system', 4, 'Installed'),(1756, 711, 'YN-EAEM0143', 29.23, 'Performance Monitor', 1, 'Ordered'),(1757, 711, 'YN-EAES0109', 4.39, 'ABS brack sensor', 1, 'Received'),(1758, 711, 'YN-EAES0125', 10.02, 'Switch panel', 1, 'Received'),(1759, 711, 'YN-PACBS0195', 1.22, 'Load-sensing valve', 1, 'Installed'),(1760, 712, 'YN-BAED0026', 19.25, 'Door control module', 2, 'Ordered'),(1761, 712, 'YN-BAEW0036', 29.41, 'Window motor', 1, 'Installed'),(1762, 712, 'YN-EAEGAM0064', 12.29, 'Dynamometer', 1, 'Ordered'),(1763, 712, 'YN-EAEM0137', 19.89, 'Door contact', 1, 'Ordered'),(1764, 713, 'YN-BAE0011', 134.24, 'Pillar and hard trim', 1, 'Installed'),(1765, 713, 'YN-BAE0019', 183.70, 'Trim package', 1, 'Installed'),(1766, 713, 'YN-EAEGAM0066', 203.06, 'Hydrometer', 1, 'Installed'),(1767, 713, 'YN-EAES0100', 50.05, 'Light sensor', 1, 'Installed');
UNLOCK TABLES;
COMMIT;
BEGIN;
LOCK TABLES `csc206cars`.`purchasetransactions` WRITE;
DELETE FROM `csc206cars`.`purchasetransactions`;
INSERT INTO `csc206cars`.`purchasetransactions` (`purchase_transactionID`,`vehicleID`,`userID`,`customerID`,`purchase_price`,`purchase_date`,`vehicle_condition`) VALUES (1, 2, 6, 341, 2964.53, '2023-02-07', 'Good'),(4, 5, 6, 320, 1503.96, '2023-05-29', 'Excellent'),(5, 6, 10, 338, 5950.47, '2022-07-09', 'Very Good'),(6, 7, 19, 203, 5190.25, '2023-04-08', 'Excellent'),(7, 8, 11, 300, 3441.51, '2023-02-08', 'Very Good'),(9, 10, 6, 271, 2834.73, '2022-10-31', 'Excellent'),(10, 11, 15, 218, 1286.18, '2023-04-03', 'Fair'),(11, 12, 11, 258, 1505.45, '2023-03-30', 'Excellent'),(12, 13, 18, 351, 1011.49, '2023-03-11', 'Excellent'),(13, 14, 4, 382, 1384.05, '2023-03-15', 'Excellent'),(14, 15, 15, 324, 4502.59, '2023-02-17', 'Fair'),(15, 16, 9, 393, 2526.28, '2023-04-02', 'Good'),(16, 17, 22, 242, 4281.06, '2022-07-18', 'Good'),(17, 18, 16, 309, 1262.57, '2023-06-17', 'Fair'),(18, 19, 4, 368, 4514.43, '2022-07-12', 'Fair'),(19, 20, 11, 295, 1189.26, '2023-01-26', 'Very Good'),(20, 21, 13, 270, 2815.81, '2022-07-21', 'Very Good'),(21, 22, 9, 270, 1118.40, '2022-12-29', 'Fair'),(23, 24, 15, 335, 4098.92, '2023-04-26', 'Very Good'),(24, 25, 19, 281, 1159.61, '2022-10-15', 'Fair'),(26, 27, 4, 235, 7257.96, '2023-08-30', 'Fair'),(27, 28, 5, 381, 3423.52, '2023-02-10', 'Fair'),(28, 29, 9, 374, 2815.81, '2023-04-13', 'Very Good'),(30, 31, 6, 280, 2723.58, '2023-01-25', 'Excellent'),(31, 32, 19, 283, 3441.51, '2023-01-26', 'Good'),(32, 33, 16, 388, 3887.81, '2022-11-01', 'Excellent'),(33, 34, 18, 366, 3076.00, '2023-08-26', 'Fair'),(34, 35, 26, 331, 5965.76, '2022-08-11', 'Good'),(35, 36, 22, 209, 5324.31, '2022-07-08', 'Excellent'),(36, 37, 4, 282, 1180.12, '2023-02-12', 'Excellent'),(37, 38, 4, 262, 2240.99, '2023-03-06', 'Very Good'),(38, 39, 4, 268, 1487.55, '2022-12-14', 'Fair'),(39, 40, 13, 377, 4086.58, '2022-10-28', 'Very Good'),(40, 41, 6, 298, 2822.02, '2022-08-01', 'Excellent'),(41, 42, 5, 292, 5343.71, '2022-07-12', 'Very Good'),(42, 43, 26, 349, 3706.14, '2023-02-14', 'Fair'),(43, 44, 4, 311, 4238.92, '2022-08-27', 'Very Good'),(44, 45, 15, 335, 1858.77, '2022-07-19', 'Good'),(45, 46, 19, 331, 3218.80, '2023-08-03', 'Fair'),(46, 47, 6, 202, 2668.19, '2023-03-02', 'Excellent'),(47, 48, 5, 372, 3462.65, '2023-06-15', 'Good'),(48, 49, 5, 309, 1220.94, '2023-07-31', 'Good'),(49, 50, 5, 353, 2670.24, '2023-01-14', 'Very Good'),(50, 51, 19, 303, 4123.82, '2023-06-23', 'Fair'),(51, 52, 11, 311, 7509.50, '2023-04-23', 'Very Good'),(52, 53, 16, 312, 2156.31, '2023-03-09', 'Excellent'),(53, 54, 9, 348, 3332.56, '2023-08-21', 'Fair'),(54, 55, 22, 209, 1014.91, '2023-08-20', 'Good'),(55, 56, 19, 249, 1769.90, '2022-08-28', 'Fair'),(56, 57, 4, 319, 4026.11, '2023-04-23', 'Fair'),(57, 58, 13, 385, 7061.50, '2023-06-16', 'Excellent'),(58, 59, 11, 356, 1470.45, '2023-05-19', 'Good'),(59, 60, 9, 376, 4026.11, '2023-04-12', 'Fair'),(60, 61, 4, 294, 3394.76, '2022-08-08', 'Fair'),(61, 62, 22, 364, 3551.46, '2023-01-26', 'Fair'),(62, 63, 11, 237, 1736.94, '2023-04-14', 'Fair'),(63, 64, 10, 263, 2723.58, '2023-02-06', 'Fair'),(64, 65, 6, 398, 1530.69, '2023-04-18', 'Good'),(66, 67, 26, 269, 4646.30, '2022-08-17', 'Fair'),(67, 68, 26, 332, 1262.57, '2022-10-19', 'Excellent'),(68, 69, 10, 324, 1794.24, '2022-11-18', 'Fair'),(69, 70, 11, 340, 5059.91, '2023-02-25', 'Good'),(72, 73, 22, 328, 1276.63, '2022-11-22', 'Fair'),(73, 74, 6, 300, 4113.86, '2022-07-11', 'Excellent'),(74, 75, 13, 275, 3754.85, '2023-07-22', 'Good'),(75, 76, 19, 279, 1802.04, '2023-03-10', 'Excellent'),(76, 77, 11, 330, 3535.41, '2023-07-24', 'Fair'),(77, 78, 6, 227, 3809.86, '2022-11-12', 'Good'),(78, 79, 18, 296, 3528.70, '2022-11-15', 'Very Good'),(79, 80, 4, 208, 4980.10, '2022-09-27', 'Very Good'),(80, 81, 10, 323, 1984.05, '2023-07-02', 'Excellent'),(81, 82, 6, 230, 2526.28, '2023-08-14', 'Excellent'),(82, 83, 19, 370, 1053.89, '2022-10-24', 'Excellent'),(83, 84, 5, 361, 1818.28, '2023-02-17', 'Good'),(84, 85, 9, 330, 1386.63, '2023-05-21', 'Excellent'),(86, 87, 9, 269, 1384.05, '2023-02-15', 'Very Good'),(88, 89, 6, 305, 4646.30, '2023-01-18', 'Excellent'),(89, 90, 22, 209, 4655.40, '2023-04-04', 'Excellent'),(90, 91, 16, 222, 1947.58, '2023-07-06', 'Excellent'),(91, 92, 19, 313, 4579.57, '2023-05-07', 'Very Good'),(92, 93, 13, 236, 15213.67, '2023-08-01', 'Very Good'),(93, 94, 13, 285, 2690.25, '2022-10-16', 'Good'),(94, 95, 4, 293, 1310.54, '2022-10-29', 'Excellent'),(95, 96, 10, 364, 3794.47, '2023-05-08', 'Fair'),(96, 97, 6, 385, 4422.04, '2022-07-18', 'Very Good'),(97, 98, 18, 396, 1240.27, '2022-12-26', 'Excellent'),(98, 99, 18, 303, 4655.40, '2023-01-06', 'Very Good'),(99, 100, 4, 340, 1938.46, '2023-04-30', 'Excellent'),(100, 101, 26, 273, 1262.57, '2022-08-06', 'Excellent'),(101, 102, 16, 293, 5730.36, '2023-08-01', 'Very Good'),(102, 103, 13, 300, 3833.25, '2022-09-04', 'Good'),(104, 105, 13, 396, 5125.59, '2022-08-23', 'Very Good'),(105, 106, 18, 254, 1293.22, '2023-03-29', 'Very Good'),(106, 107, 18, 270, 5438.85, '2022-09-04', 'Very Good'),(107, 108, 5, 218, 3394.76, '2022-10-15', 'Fair'),(109, 110, 10, 391, 3650.47, '2023-03-11', 'Excellent'),(110, 111, 6, 302, 1670.87, '2023-07-09', 'Very Good'),(111, 112, 5, 321, 1794.24, '2023-08-03', 'Very Good'),(112, 113, 22, 209, 2176.29, '2023-06-19', 'Fair'),(113, 114, 4, 291, 3394.76, '2022-07-26', 'Fair'),(114, 115, 13, 374, 5236.88, '2022-12-17', 'Good'),(115, 116, 16, 349, 1762.01, '2022-11-04', 'Excellent'),(116, 117, 18, 368, 2354.81, '2023-02-06', 'Excellent'),(118, 119, 9, 264, 2712.19, '2022-08-28', 'Good'),(119, 120, 9, 318, 1794.24, '2022-10-24', 'Excellent'),(120, 121, 9, 364, 2478.11, '2023-01-02', 'Fair'),(121, 122, 10, 207, 1360.83, '2022-11-24', 'Very Good'),(122, 123, 10, 247, 4986.09, '2022-10-05', 'Good'),(123, 124, 13, 219, 2173.13, '2023-06-13', 'Good'),(124, 125, 4, 242, 1720.36, '2022-10-22', 'Excellent'),(125, 126, 6, 242, 1917.14, '2022-12-22', 'Very Good'),(127, 128, 11, 249, 2834.73, '2022-08-14', 'Good'),(128, 129, 6, 209, 1384.05, '2022-08-08', 'Fair'),(129, 130, 22, 218, 3448.24, '2023-03-23', 'Excellent'),(130, 131, 22, 259, 3343.31, '2023-01-14', 'Excellent'),(132, 133, 10, 322, 4281.97, '2022-11-07', 'Very Good'),(133, 134, 22, 202, 3200.57, '2023-06-20', 'Fair'),(134, 135, 26, 362, 5490.09, '2022-12-24', 'Very Good'),(135, 136, 13, 326, 4646.30, '2023-05-20', 'Excellent'),(136, 137, 4, 373, 4422.04, '2022-10-08', 'Fair'),(137, 138, 9, 239, 8603.94, '2022-11-27', 'Excellent'),(138, 139, 11, 379, 3870.70, '2022-09-06', 'Very Good'),(139, 140, 13, 249, 1652.08, '2023-04-24', 'Fair'),(140, 141, 13, 401, 3393.84, '2022-11-02', 'Very Good'),(141, 142, 13, 254, 3209.95, '2023-07-09', 'Good'),(142, 143, 9, 260, 2516.57, '2023-05-23', 'Very Good'),(143, 144, 11, 343, 2794.30, '2022-09-22', 'Excellent'),(144, 145, 5, 215, 2834.73, '2023-07-26', 'Very Good'),(145, 146, 10, 279, 3418.64, '2023-02-03', 'Good'),(146, 147, 9, 311, 4655.40, '2023-02-12', 'Good'),(147, 148, 22, 303, 2920.42, '2023-04-30', 'Good'),(148, 149, 5, 277, 1908.98, '2023-07-02', 'Fair'),(149, 150, 22, 390, 3969.70, '2023-02-09', 'Very Good'),(150, 151, 19, 217, 2647.38, '2022-09-01', 'Very Good'),(151, 152, 11, 319, 6572.23, '2022-12-20', 'Very Good'),(152, 153, 22, 289, 4856.09, '2023-08-29', 'Very Good'),(153, 154, 5, 327, 3629.02, '2023-03-14', 'Very Good'),(154, 155, 5, 325, 2243.43, '2023-07-05', 'Good'),(155, 156, 6, 337, 4123.82, '2023-07-21', 'Excellent'),(156, 157, 26, 328, 1344.15, '2023-06-22', 'Very Good'),(157, 158, 18, 384, 2679.99, '2022-08-16', 'Excellent'),(158, 159, 4, 317, 3729.30, '2023-07-05', 'Excellent'),(159, 160, 4, 242, 3614.03, '2023-05-10', 'Excellent'),(160, 161, 18, 322, 9286.21, '2023-06-05', 'Fair'),(161, 162, 5, 249, 1181.30, '2022-11-03', 'Fair'),(162, 163, 18, 279, 3007.81, '2023-03-19', 'Excellent'),(163, 164, 22, 330, 1917.14, '2023-05-01', 'Very Good'),(164, 165, 5, 270, 5423.56, '2023-03-28', 'Fair'),(165, 166, 22, 269, 7257.96, '2023-03-31', 'Very Good'),(166, 167, 9, 385, 2267.71, '2022-10-08', 'Excellent'),(167, 168, 10, 287, 1888.63, '2022-08-20', 'Fair'),(168, 169, 16, 263, 2513.32, '2022-07-12', 'Good'),(169, 170, 5, 307, 4646.30, '2022-12-08', 'Very Good'),(170, 171, 10, 246, 1778.47, '2023-02-14', 'Excellent'),(171, 172, 4, 230, 3639.95, '2023-07-08', 'Fair'),(172, 173, 15, 242, 2315.28, '2023-08-10', 'Excellent'),(173, 174, 19, 263, 4290.93, '2023-02-13', 'Excellent'),(174, 175, 18, 359, 1946.82, '2022-12-11', 'Very Good'),(175, 176, 18, 315, 3195.56, '2022-08-15', 'Excellent'),(176, 177, 10, 263, 1480.54, '2023-03-03', 'Good'),(177, 178, 4, 387, 1794.24, '2022-12-10', 'Excellent'),(178, 179, 11, 202, 2166.24, '2022-09-08', 'Fair'),(179, 180, 26, 241, 4559.65, '2023-07-20', 'Fair'),(180, 181, 6, 285, 2712.19, '2023-01-01', 'Good'),(182, 183, 11, 296, 7257.96, '2022-07-15', 'Fair'),(183, 184, 9, 206, 5050.91, '2022-09-13', 'Excellent'),(184, 185, 16, 323, 4559.65, '2022-08-10', 'Fair'),(185, 186, 10, 307, 1216.12, '2023-05-09', 'Fair'),(186, 187, 16, 375, 1313.07, '2023-01-27', 'Good'),(187, 188, 19, 385, 2834.73, '2023-08-22', 'Very Good'),(188, 189, 26, 240, 4436.52, '2022-10-31', 'Very Good'),(190, 191, 19, 360, 1339.48, '2023-06-04', 'Excellent'),(191, 192, 22, 215, 3285.70, '2023-07-22', 'Fair'),(192, 193, 26, 324, 3195.56, '2022-11-21', 'Fair'),(193, 194, 26, 225, 3054.94, '2023-08-06', 'Good'),(194, 195, 10, 384, 3593.77, '2023-06-09', 'Excellent'),(195, 196, 15, 348, 2586.28, '2023-03-15', 'Fair'),(196, 197, 22, 348, 1461.71, '2023-08-15', 'Excellent'),(197, 198, 22, 237, 1858.77, '2022-07-19', 'Fair'),(198, 199, 19, 208, 6147.57, '2022-07-16', 'Fair'),(199, 200, 6, 269, 4952.95, '2023-03-29', 'Excellent'),(200, 201, 9, 310, 1769.90, '2022-10-08', 'Excellent'),(201, 202, 11, 348, 3160.01, '2022-11-07', 'Fair'),(202, 203, 4, 308, 4585.96, '2023-05-26', 'Good'),(203, 204, 5, 280, 1384.05, '2023-05-30', 'Very Good'),(204, 205, 10, 336, 1476.79, '2022-09-18', 'Very Good'),(205, 206, 16, 292, 3435.82, '2023-08-21', 'Fair'),(206, 207, 5, 392, 2066.80, '2023-06-13', 'Excellent'),(207, 208, 16, 253, 5235.38, '2023-02-21', 'Fair'),(208, 209, 9, 286, 1923.78, '2023-05-27', 'Excellent'),(209, 210, 16, 239, 4646.30, '2023-05-15', 'Excellent'),(210, 211, 22, 204, 1252.18, '2023-04-10', 'Fair'),(211, 212, 15, 316, 7257.96, '2022-12-06', 'Very Good'),(212, 213, 15, 241, 4980.10, '2023-03-24', 'Excellent'),(213, 214, 18, 208, 1716.10, '2023-08-28', 'Very Good'),(214, 215, 19, 248, 5241.86, '2023-06-04', 'Excellent'),(215, 216, 13, 213, 3271.32, '2023-03-18', 'Very Good'),(216, 217, 13, 229, 2201.22, '2023-05-02', 'Fair'),(217, 218, 11, 225, 1820.73, '2023-06-24', 'Fair'),(218, 219, 11, 283, 1476.79, '2022-12-08', 'Good'),(219, 220, 15, 356, 4791.74, '2022-10-14', 'Fair'),(220, 221, 22, 346, 7129.88, '2022-12-12', 'Fair'),(221, 222, 5, 231, 2097.26, '2023-08-30', 'Fair'),(222, 223, 15, 303, 1465.60, '2023-07-24', 'Fair'),(223, 224, 26, 352, 8627.19, '2023-07-25', 'Good'),(224, 225, 22, 369, 3551.46, '2022-11-12', 'Very Good'),(225, 226, 9, 209, 5394.41, '2023-07-28', 'Excellent'),(226, 227, 26, 233, 1386.63, '2022-08-12', 'Excellent'),(227, 228, 4, 211, 3049.06, '2022-07-27', 'Fair'),(229, 230, 22, 360, 1216.12, '2022-08-09', 'Good'),(230, 231, 18, 281, 1496.02, '2023-01-28', 'Good'),(231, 232, 11, 395, 3617.81, '2022-12-03', 'Excellent'),(232, 233, 26, 239, 1853.27, '2022-08-29', 'Fair'),(233, 234, 15, 400, 4559.65, '2022-08-28', 'Excellent'),(234, 235, 13, 237, 1762.11, '2022-12-02', 'Good'),(235, 236, 16, 271, 2647.38, '2023-04-29', 'Very Good'),(236, 237, 19, 324, 2405.57, '2023-03-06', 'Good'),(237, 238, 5, 256, 1818.28, '2022-10-31', 'Very Good'),(238, 239, 13, 299, 1403.88, '2022-12-24', 'Good'),(239, 240, 26, 262, 1023.03, '2023-08-28', 'Excellent'),(240, 241, 19, 385, 1874.32, '2022-09-15', 'Good'),(241, 242, 22, 347, 1023.03, '2023-01-04', 'Good'),(243, 244, 22, 256, 1540.51, '2023-06-12', 'Excellent'),(244, 245, 22, 371, 5313.46, '2022-08-27', 'Fair'),(245, 246, 16, 377, 4559.65, '2023-07-19', 'Excellent'),(246, 247, 10, 350, 2106.56, '2023-05-12', 'Excellent'),(247, 248, 9, 323, 4792.30, '2022-12-25', 'Excellent'),(248, 249, 18, 235, 1060.98, '2023-04-29', 'Very Good'),(249, 250, 26, 323, 2764.86, '2023-02-20', 'Fair'),(250, 251, 18, 284, 3969.70, '2022-08-02', 'Excellent'),(251, 252, 5, 392, 1014.91, '2023-07-22', 'Fair'),(253, 254, 10, 301, 1544.78, '2022-10-21', 'Good'),(254, 255, 5, 275, 3362.58, '2023-07-24', 'Fair'),(255, 256, 5, 401, 3617.81, '2023-02-08', 'Very Good'),(256, 257, 18, 290, 4646.30, '2022-12-03', 'Good'),(257, 258, 15, 204, 1627.40, '2022-11-10', 'Very Good'),(258, 259, 5, 226, 3617.81, '2023-02-12', 'Excellent'),(259, 260, 18, 302, 4309.63, '2023-04-12', 'Excellent'),(260, 261, 9, 210, 5757.99, '2022-09-01', 'Very Good'),(261, 262, 16, 259, 4585.96, '2022-10-22', 'Excellent'),(262, 263, 11, 206, 3228.13, '2023-04-10', 'Very Good'),(263, 264, 15, 348, 5043.96, '2023-08-21', 'Very Good'),(264, 265, 5, 336, 2891.79, '2022-12-01', 'Excellent'),(265, 266, 10, 245, 1275.43, '2022-07-08', 'Very Good'),(266, 267, 13, 234, 5260.42, '2023-03-13', 'Very Good'),(267, 268, 18, 397, 1140.51, '2022-09-21', 'Fair'),(268, 269, 22, 220, 3070.05, '2022-08-30', 'Excellent'),(269, 270, 13, 258, 1210.77, '2023-06-05', 'Excellent'),(270, 271, 19, 335, 1289.66, '2022-10-07', 'Excellent'),(271, 272, 19, 235, 1766.52, '2023-04-20', 'Good'),(272, 273, 13, 334, 1476.79, '2022-07-26', 'Excellent'),(273, 274, 9, 313, 1262.57, '2022-10-31', 'Fair'),(274, 275, 11, 222, 3265.98, '2022-07-22', 'Very Good'),(275, 276, 4, 210, 1262.57, '2023-01-25', 'Fair'),(276, 277, 6, 246, 2834.73, '2023-03-13', 'Good'),(277, 278, 18, 314, 1670.87, '2023-06-02', 'Excellent'),(278, 279, 13, 309, 4697.08, '2022-10-21', 'Excellent'),(280, 281, 15, 275, 3220.80, '2022-07-12', 'Good'),(281, 282, 11, 256, 1384.05, '2022-10-05', 'Good'),(282, 283, 4, 327, 1874.32, '2023-08-08', 'Excellent'),(283, 284, 6, 380, 2723.58, '2023-05-11', 'Good'),(284, 285, 18, 366, 2576.09, '2022-10-19', 'Excellent'),(286, 287, 16, 279, 1310.54, '2022-11-05', 'Good'),(287, 288, 9, 306, 6648.87, '2022-12-09', 'Very Good'),(288, 289, 9, 288, 3189.45, '2023-04-21', 'Fair'),(289, 290, 4, 389, 2906.51, '2023-03-22', 'Good'),(290, 291, 13, 324, 2576.09, '2023-08-06', 'Excellent'),(291, 292, 10, 215, 6854.51, '2022-07-02', 'Very Good'),(292, 293, 10, 290, 4086.58, '2022-10-05', 'Very Good'),(293, 294, 9, 216, 3512.58, '2023-04-06', 'Very Good'),(294, 295, 5, 383, 3448.24, '2022-12-27', 'Fair'),(295, 296, 18, 280, 2543.11, '2023-04-12', 'Very Good'),(296, 297, 19, 313, 3007.22, '2023-05-19', 'Excellent'),(297, 298, 5, 298, 1265.21, '2023-07-21', 'Fair'),(298, 299, 18, 285, 1874.61, '2023-04-13', 'Good'),(299, 300, 26, 381, 2130.94, '2022-08-24', 'Excellent'),(300, 301, 18, 277, 1011.49, '2023-03-23', 'Very Good');
UNLOCK TABLES;
COMMIT;
BEGIN;
LOCK TABLES `csc206cars`.`salestransactions` WRITE;
DELETE FROM `csc206cars`.`salestransactions`;
INSERT INTO `csc206cars`.`salestransactions` (`sales_transactionID`,`vehicleID`,`userID`,`customerID`,`sales_date`) VALUES (812, 2, 8, 378, '2023-06-28'),(814, 5, 3, 363, '2023-08-12'),(815, 6, 20, 282, '2023-03-27'),(816, 7, 23, 308, '2023-08-09'),(817, 8, 25, 375, '2023-07-09'),(819, 11, 26, 299, '2023-04-13'),(820, 12, 23, 370, '2023-05-01'),(821, 14, 23, 305, '2023-07-26'),(822, 16, 23, 339, '2023-06-06'),(823, 17, 20, 260, '2022-12-20'),(824, 19, 7, 267, '2023-05-23'),(825, 20, 26, 341, '2023-07-17'),(826, 21, 20, 335, '2023-06-18'),(827, 22, 7, 233, '2023-02-15'),(829, 27, 23, 251, '2023-08-31'),(830, 29, 7, 335, '2023-04-21'),(832, 31, 1, 373, '2023-08-27'),(833, 34, 26, 217, '2023-08-27'),(834, 35, 21, 250, '2022-11-17'),(835, 36, 25, 224, '2023-07-11'),(836, 37, 8, 363, '2023-04-10'),(837, 39, 12, 322, '2023-05-22'),(838, 40, 1, 362, '2022-12-26'),(839, 41, 23, 349, '2023-03-17'),(840, 42, 25, 368, '2023-01-24'),(841, 43, 1, 220, '2023-03-29'),(842, 45, 26, 363, '2023-06-06'),(843, 46, 1, 319, '2023-08-20'),(844, 47, 8, 311, '2023-04-17'),(845, 49, 12, 366, '2023-08-26'),(846, 50, 21, 352, '2023-02-19'),(847, 51, 21, 296, '2023-08-12'),(848, 52, 12, 300, '2023-08-03'),(849, 56, 23, 327, '2022-11-26'),(850, 58, 1, 286, '2023-07-26'),(851, 59, 25, 381, '2023-06-06'),(852, 61, 21, 220, '2022-12-28'),(853, 62, 12, 233, '2023-03-12'),(854, 65, 20, 244, '2023-07-12'),(856, 67, 3, 358, '2022-10-15'),(857, 70, 23, 238, '2023-06-14'),(859, 74, 26, 248, '2022-09-26'),(860, 75, 12, 249, '2023-08-08'),(861, 76, 23, 334, '2023-06-01'),(862, 78, 21, 346, '2023-03-07'),(863, 79, 25, 379, '2022-11-30'),(864, 81, 25, 336, '2023-07-30'),(865, 82, 25, 314, '2023-08-23'),(866, 83, 20, 215, '2023-01-30'),(868, 87, 8, 396, '2023-05-23'),(870, 90, 25, 295, '2023-06-17'),(871, 93, 25, 359, '2023-08-27'),(872, 97, 23, 342, '2023-08-01'),(873, 98, 23, 263, '2023-06-06'),(874, 101, 12, 283, '2023-05-08'),(875, 102, 14, 218, '2023-08-23'),(876, 103, 26, 350, '2023-04-04'),(878, 105, 14, 206, '2022-09-28'),(879, 107, 8, 351, '2023-02-16'),(880, 108, 1, 260, '2022-10-24'),(881, 110, 3, 358, '2023-06-10'),(882, 111, 20, 252, '2023-07-21'),(883, 112, 12, 324, '2023-08-04'),(884, 114, 25, 227, '2023-06-08'),(885, 116, 26, 368, '2023-06-21'),(887, 119, 7, 357, '2023-08-23'),(888, 121, 20, 357, '2023-02-22'),(889, 124, 3, 367, '2023-07-25'),(890, 125, 8, 398, '2023-03-10'),(891, 126, 26, 373, '2023-05-03'),(893, 128, 14, 226, '2022-11-02'),(894, 129, 26, 235, '2022-08-22'),(895, 130, 14, 245, '2023-08-27'),(896, 131, 8, 346, '2023-03-26'),(897, 133, 23, 299, '2023-07-02'),(898, 135, 20, 325, '2023-07-17'),(899, 136, 23, 394, '2023-07-26'),(900, 137, 7, 307, '2022-12-20'),(901, 138, 12, 353, '2023-07-04'),(902, 139, 21, 256, '2023-01-15'),(903, 140, 3, 256, '2023-04-28'),(904, 141, 7, 213, '2023-08-22'),(905, 143, 3, 319, '2023-08-08'),(906, 145, 8, 289, '2023-08-20'),(907, 147, 25, 256, '2023-07-25'),(908, 148, 7, 322, '2023-07-30'),(909, 149, 25, 339, '2023-08-14'),(910, 150, 3, 380, '2023-03-14'),(911, 151, 12, 260, '2023-03-01'),(912, 152, 20, 308, '2023-04-02'),(913, 153, 23, 248, '2023-08-30'),(914, 154, 23, 389, '2023-06-06'),(915, 155, 8, 350, '2023-07-06'),(916, 158, 14, 367, '2023-03-08'),(917, 160, 1, 378, '2023-07-13'),(918, 161, 7, 297, '2023-06-10'),(919, 162, 26, 370, '2023-06-13'),(920, 163, 14, 303, '2023-03-29'),(921, 164, 1, 312, '2023-08-07'),(922, 165, 7, 284, '2023-08-18'),(923, 167, 23, 330, '2023-06-03'),(924, 168, 21, 306, '2023-07-06'),(925, 169, 3, 384, '2023-07-04'),(926, 172, 26, 325, '2023-08-17'),(927, 174, 8, 213, '2023-05-30'),(928, 175, 8, 279, '2023-02-23'),(929, 176, 1, 223, '2023-06-17'),(930, 179, 7, 301, '2023-05-01'),(931, 180, 7, 225, '2023-07-30'),(932, 181, 26, 378, '2023-04-28'),(934, 183, 26, 265, '2023-01-19'),(935, 185, 12, 232, '2022-10-15'),(936, 186, 20, 270, '2023-08-23'),(937, 188, 25, 282, '2023-08-26'),(938, 189, 1, 239, '2022-12-21'),(940, 191, 8, 250, '2023-06-10'),(941, 192, 3, 298, '2023-08-04'),(942, 193, 7, 314, '2023-01-25'),(943, 195, 23, 265, '2023-07-17'),(944, 196, 20, 384, '2023-06-19'),(945, 197, 12, 357, '2023-08-28'),(946, 198, 25, 245, '2022-12-26'),(947, 199, 3, 327, '2022-08-26'),(948, 203, 21, 218, '2023-07-07'),(949, 205, 26, 279, '2023-01-17'),(950, 207, 14, 282, '2023-06-29'),(951, 208, 14, 329, '2023-02-28'),(952, 209, 3, 230, '2023-06-09'),(953, 210, 23, 232, '2023-07-12'),(954, 211, 7, 298, '2023-06-26'),(955, 212, 8, 390, '2023-03-31'),(956, 213, 14, 324, '2023-07-08'),(957, 215, 1, 245, '2023-07-26'),(958, 216, 7, 382, '2023-07-17'),(959, 217, 3, 283, '2023-06-21'),(960, 218, 26, 273, '2023-08-26'),(961, 219, 20, 329, '2023-08-11'),(962, 220, 3, 298, '2023-07-25'),(963, 221, 12, 298, '2023-06-12'),(964, 222, 21, 204, '2023-08-30'),(965, 223, 8, 345, '2023-08-20'),(966, 224, 7, 308, '2023-08-15'),(967, 225, 20, 394, '2022-12-03'),(968, 226, 14, 238, '2023-07-29'),(969, 227, 8, 385, '2023-05-30'),(970, 230, 21, 305, '2022-08-21'),(971, 232, 12, 256, '2023-05-02'),(972, 233, 8, 240, '2022-09-18'),(973, 235, 12, 304, '2023-01-23'),(974, 239, 1, 276, '2023-05-12'),(975, 240, 12, 284, '2023-08-29'),(976, 241, 12, 279, '2023-05-06'),(978, 244, 25, 298, '2023-07-20'),(979, 247, 12, 335, '2023-08-25'),(980, 248, 26, 359, '2023-02-07'),(981, 251, 23, 303, '2023-05-04'),(982, 252, 7, 227, '2023-08-03'),(983, 254, 20, 374, '2023-06-11'),(984, 255, 3, 386, '2023-08-24'),(985, 256, 23, 337, '2023-08-12'),(986, 257, 8, 333, '2022-12-04'),(987, 261, 14, 274, '2023-02-09'),(988, 263, 3, 285, '2023-08-09'),(989, 265, 21, 235, '2023-03-23'),(990, 266, 23, 202, '2023-04-14'),(991, 268, 14, 396, '2023-08-11'),(992, 269, 26, 381, '2023-06-14'),(993, 271, 3, 333, '2022-12-13'),(994, 273, 14, 304, '2023-07-08'),(995, 274, 8, 348, '2023-05-23'),(996, 277, 26, 306, '2023-05-26'),(997, 279, 8, 319, '2023-08-12'),(999, 283, 14, 392, '2023-08-14'),(1000, 285, 21, 296, '2023-07-14'),(1002, 288, 14, 303, '2023-05-24'),(1003, 289, 21, 354, '2023-06-30'),(1004, 290, 12, 262, '2023-05-25'),(1005, 291, 25, 231, '2023-08-20'),(1006, 292, 3, 376, '2023-06-16'),(1007, 293, 3, 215, '2023-06-08'),(1008, 295, 7, 328, '2023-04-25'),(1009, 296, 21, 390, '2023-05-21'),(1010, 297, 14, 313, '2023-05-24'),(1011, 299, 25, 332, '2023-06-28'),(1012, 300, 14, 299, '2022-10-05');
UNLOCK TABLES;
COMMIT;
BEGIN;
LOCK TABLES `csc206cars`.`users` WRITE;
DELETE FROM `csc206cars`.`users`;
INSERT INTO `csc206cars`.`users` (`userID`,`first_name`,`last_name`,`username`,`password`,`role`) VALUES (1, 'Harry', 'Farley', 'user01', 'pass01', 'Sales'),(2, 'Boris', 'Barnes', 'user02', 'pass02', 'Owner'),(3, 'Jeanette', 'Hernandez', 'user03', 'pass03', 'Sales'),(4, 'Hillary', 'Hahn', 'user04', 'pass04', 'Buyer'),(5, 'Reggie', 'Arnold', 'user05', 'pass05', 'Buyer'),(6, 'Kerry', 'Rocha', 'user06', 'pass06', 'Buyer'),(7, 'Anibal', 'Haley', 'user07', 'pass07', 'Sales'),(8, 'Graham', 'Cole', 'user08', 'pass08', 'Sales'),(9, 'May', 'Booth', 'user09', 'pass09', 'Buyer'),(10, 'Cheri', 'Frey', 'user10', 'pass10', 'Buyer'),(11, 'Shayne', 'Beltran', 'user11', 'pass11', 'Buyer'),(12, 'Laverne', 'Stuart', 'user12', 'pass12', 'Sales'),(13, 'Leslie', 'Solomon', 'user13', 'pass13', 'Buyer'),(14, 'Bertha', 'Olson', 'user14', 'pass14', 'Sales'),(15, 'Nestor', 'Mora', 'user15', 'pass15', 'Buyer'),(16, 'Laurie', 'Mccarty', 'user16', 'pass16', 'Buyer'),(17, 'Carroll', 'Sutton', 'user17', 'pass17', 'Owner'),(18, 'Jeremiah', 'Adams', 'user18', 'pass18', 'Buyer'),(19, 'Norman', 'Potts', 'user19', 'pass19', 'Buyer'),(20, 'Ursula', 'Hardin', 'user20', 'pass20', 'Sales'),(21, 'Samuel', 'Mcknight', 'user21', 'pass21', 'Sales'),(22, 'Glenn', 'Bentley', 'user22', 'pass22', 'Buyer'),(23, 'Mona', 'Castaneda', 'user23', 'pass23', 'Sales'),(24, 'Muriel', 'Sloan', 'user24', 'pass24', 'Owner'),(25, 'Rosendo', 'Murray', 'user25', 'pass25', 'Sales'),(26, 'Andy', 'Admin', 'owner', 'owner', 'Admin');
UNLOCK TABLES;
COMMIT;
BEGIN;
LOCK TABLES `csc206cars`.`vehiclecolors` WRITE;
DELETE FROM `csc206cars`.`vehiclecolors`;
INSERT INTO `csc206cars`.`vehiclecolors` (`vehicle_colorID`,`vehicleID`,`colorID`) VALUES (1, 2, 5),(5, 5, 17),(6, 6, 19),(7, 7, 12),(8, 7, 16),(9, 8, 26),(11, 10, 6),(12, 11, 12),(13, 12, 14),(15, 13, 18),(14, 13, 23),(16, 14, 19),(17, 15, 2),(18, 16, 22),(19, 17, 16),(20, 18, 20),(21, 19, 19),(22, 20, 21),(23, 21, 11),(24, 22, 8),(25, 22, 11),(28, 24, 3),(29, 25, 21),(33, 27, 19),(34, 28, 14),(35, 29, 4),(36, 29, 16),(37, 29, 23),(41, 31, 20),(42, 32, 23),(44, 33, 8),(43, 33, 18),(45, 34, 23),(46, 35, 12),(47, 35, 18),(48, 35, 21),(49, 36, 3),(50, 37, 7),(51, 37, 14),(52, 38, 19),(53, 39, 19),(54, 40, 2),(55, 40, 25),(56, 41, 25),(57, 42, 20),(58, 43, 8),(60, 44, 14),(59, 44, 19),(61, 45, 10),(62, 46, 16),(63, 47, 13),(64, 48, 20),(65, 49, 1),(66, 50, 3),(67, 51, 8),(68, 52, 12),(69, 53, 11),(70, 54, 16),(71, 55, 12),(72, 56, 15),(73, 57, 19),(74, 58, 16),(75, 59, 7),(76, 60, 9),(77, 61, 6),(78, 62, 17),(79, 63, 7),(80, 64, 19),(81, 64, 20),(82, 65, 21),(84, 67, 10),(85, 68, 15),(86, 69, 5),(87, 70, 13),(88, 70, 24),(89, 70, 26),(92, 73, 23),(93, 74, 5),(94, 75, 6),(95, 75, 11),(96, 75, 20),(97, 76, 14),(98, 77, 19),(99, 78, 4),(100, 78, 9),(101, 79, 22),(102, 80, 15),(103, 81, 24),(104, 82, 7),(106, 82, 17),(105, 82, 21),(107, 83, 8),(108, 84, 15),(109, 85, 15),(112, 87, 26),(114, 89, 3),(115, 90, 13),(116, 91, 18),(117, 92, 13),(118, 93, 7),(119, 93, 10),(120, 94, 23),(121, 95, 13),(122, 96, 23),(123, 97, 8),(124, 98, 7),(125, 99, 12),(126, 100, 23),(127, 101, 4),(128, 102, 26),(129, 103, 16),(131, 105, 16),(132, 106, 11),(133, 107, 1),(134, 108, 25),(136, 110, 20),(137, 111, 6),(138, 112, 6),(139, 113, 1),(140, 113, 16),(141, 113, 23),(142, 114, 15),(143, 115, 21),(144, 116, 1),(145, 116, 6),(146, 116, 12),(147, 117, 25),(149, 119, 10),(150, 120, 1),(151, 120, 25),(152, 121, 11),(153, 122, 13),(154, 123, 1),(155, 124, 22),(156, 125, 11),(157, 126, 18),(159, 128, 5),(160, 129, 26),(161, 130, 17),(162, 130, 26),(163, 131, 21),(165, 133, 22),(166, 134, 11),(167, 135, 22),(168, 136, 20),(169, 137, 25),(170, 138, 7),(171, 139, 2),(172, 140, 20),(173, 141, 24),(174, 142, 3),(175, 143, 16),(176, 144, 26),(177, 145, 2),(178, 145, 6),(180, 146, 21),(179, 146, 26),(181, 147, 6),(182, 147, 23),(183, 147, 25),(184, 148, 14),(185, 149, 19),(186, 150, 16),(187, 151, 26),(188, 152, 25),(189, 153, 8),(190, 154, 11),(191, 155, 2),(192, 156, 6),(193, 157, 4),(194, 158, 10),(195, 159, 13),(196, 160, 18),(197, 161, 25),(198, 162, 21),(199, 163, 2),(200, 164, 26),(201, 165, 21),(202, 166, 5),(203, 167, 24),(204, 168, 26),(205, 169, 20),(206, 169, 22),(207, 170, 20),(208, 170, 22),(209, 171, 23),(210, 172, 2),(211, 173, 5),(212, 174, 5),(213, 175, 5),(214, 176, 17),(215, 177, 8),(216, 178, 14),(217, 179, 23),(218, 180, 17),(219, 181, 18),(223, 183, 13),(224, 184, 20),(225, 185, 13),(226, 186, 6),(227, 187, 26),(228, 188, 25),(229, 189, 8),(231, 191, 16),(232, 192, 14),(233, 193, 22),(234, 194, 11),(235, 195, 2),(236, 196, 10),(237, 197, 6),(238, 198, 26),(239, 199, 5),(240, 200, 14),(241, 201, 15),(242, 202, 24),(243, 203, 1),(244, 203, 13),(245, 204, 20),(246, 205, 25),(247, 206, 12),(248, 207, 17),(249, 208, 25),(250, 209, 2),(251, 210, 2),(252, 211, 15),(253, 212, 20),(254, 213, 12),(255, 214, 1),(256, 214, 21),(257, 215, 23),(258, 216, 12),(259, 217, 6),(260, 218, 9),(261, 219, 22),(262, 220, 7),(263, 221, 12),(264, 221, 24),(265, 222, 1),(266, 223, 13),(267, 224, 2),(268, 225, 19),(270, 226, 1),(269, 226, 12),(271, 227, 12),(272, 228, 11),(275, 230, 20),(276, 231, 5),(277, 232, 8),(278, 233, 17),(279, 234, 10),(280, 235, 14),(281, 236, 24),(282, 237, 1),(283, 238, 24),(284, 239, 15),(285, 240, 1),(286, 241, 3),(287, 242, 7),(289, 244, 10),(290, 245, 5),(291, 245, 15),(292, 245, 24),(293, 246, 23),(294, 247, 7),(295, 248, 15),(296, 249, 20),(297, 250, 11),(298, 251, 5),(299, 252, 21),(301, 254, 17),(302, 255, 3),(303, 255, 19),(304, 256, 1),(305, 256, 7),(306, 256, 22),(307, 257, 19),(308, 257, 24),(309, 258, 10),(310, 259, 18),(311, 260, 19),(312, 261, 3),(313, 262, 22),(314, 263, 12),(315, 264, 21),(316, 265, 19),(317, 266, 7),(318, 267, 2),(319, 268, 11),(320, 269, 20),(321, 270, 22),(322, 271, 11),(323, 272, 13),(324, 272, 14),(325, 273, 25),(326, 274, 11),(327, 275, 21),(328, 276, 1),(329, 277, 17),(330, 278, 8),(331, 279, 9),(332, 279, 18),(333, 279, 23),(335, 281, 25),(336, 282, 4),(337, 283, 1),(338, 283, 16),(339, 284, 20),(340, 285, 3),(341, 285, 13),(343, 287, 17),(344, 288, 11),(345, 289, 3),(346, 290, 15),(347, 290, 18),(348, 290, 24),(349, 291, 26),(350, 292, 7),(351, 293, 17),(352, 293, 23),(353, 294, 20),(354, 295, 5),(355, 296, 18),(356, 296, 25),(357, 297, 20),(358, 298, 16),(359, 299, 4),(360, 300, 1),(361, 301, 3),(362, 301, 9),(363, 301, 25);
UNLOCK TABLES;
COMMIT;
BEGIN;
LOCK TABLES `csc206cars`.`vehicles` WRITE;
DELETE FROM `csc206cars`.`vehicles`;
INSERT INTO `csc206cars`.`vehicles` (`vehicleID`,`vin`,`mileage`,`description`,`model_name`,`model_year`,`fuel_type`,`manufacturerID`,`vehicle_typeID`) VALUES (2, '036EG6XGHFJ822528', 108519.0, 'automatic torque converter; ', 'DB9', 2014, 'Gas', 3, 6),(5, '05PN35GUCGU088819', 77920.0, 'Automotive Service Excellence (ASE); ', 'TSX', 2014, 'Gas', 1, 6),(6, '06E4W168GDV777330', 177500.0, 'no redline; ', 'RAM 1500 TRUCK', 2010, 'Gas', 11, 3),(7, '0A45MTRRJ3K877609', 125991.0, 'original equipment manufacturer (OEM) parts; ', 'XV CROSSTREK', 2015, 'Gas', 43, 3),(8, '0JMXH7GQF1K570196', 110102.0, 'sturdy rear axle assembly; ', 'RAM 2500', 2003, 'Gas', 11, 2),(10, '0RTZMNEP443530450', 34830.0, '', 'V8 VANTAGE', 2014, 'Gas', 3, 3),(11, '0SR7K3TGOVW149442', 144334.0, '', 'R1T TOMORROW', 2023, 'Gas', 40, 5),(12, '0XPRYKN4QTB854977', 86721.0, 'front axle assembly; Automotive Service Excellence (ASE); ', 'DB7', 2003, 'Gas', 3, 1),(13, '13DN4WJV2HW654524', 119068.0, 'coupe; ', 'CAMRY', 2013, 'Gas', 45, 5),(14, '15WH5TNL8GD986516', 140355.0, 'convertible; gap; ', 'COOPER', 2012, 'Gas', 34, 4),(15, '1A8CMLRTUGR146952', 4860.0, 'great engine; ', 'HILUX', 2011, 'Plugin Hybrid', 45, 6),(16, '1C05IGNBBB6823554', 106076.0, 'electronic transmission; ', 'EVORA', 2011, 'Gas', 29, 2),(17, '1GIQVMBR2A2798107', 76792.0, 'ultra new transmission; oversteer; ', 'CAYENNE', 2004, 'Plugin Hybrid', 38, 7),(18, '1HHB3PGRMMK153438', 13260.0, '', 'MP4-12C', 2013, 'Fuel Cell', 32, 2),(19, '1J538YW76YE281757', 2082.0, '', 'LX570', 2011, 'Gas', 27, 5),(20, '1JRH0ZBVOBE937509', 18580.0, 'no understeer; ', 'CX-5', 2014, 'Gas', 31, 6),(21, '1M1GEHMECS1730055', 43950.0, 'original equipment manufacturer (OEM) parts; four-wheel drive; ', 'S', 2014, 'Plugin Hybrid', 44, 3),(22, '1MV1LD01B0D736628', 207160.0, 'sturdy rear axle assembly; ', 'B2300', 2005, 'Gas', 31, 1),(24, '1RMG763RUOZ482821', 128265.0, 'manual transmission; ', 'ALLROAD QUATTRO', 2013, 'Battery', 4, 4),(25, '1U7J5TO2RMU974230', 104570.0, '', 'ESCALADE ESV', 2008, 'Gas', 8, 5),(27, '23VKNWAH4WQ056833', 10488.0, '', 'BOXSTER', 2006, 'Gas', 38, 3),(28, '2BEGOJVB21D198188', 41505.0, 'small spark plug gap; ', 'V70', 2005, 'Plugin Hybrid', 47, 6),(29, '2CB6WLH88NB344487', 160473.0, 'automatic transmission; wide cam; safe oil ring; ', 'S', 2014, 'Gas', 44, 1),(31, '2JUBCDLLXSB731848', 16382.0, 'high volume cylinder; ', 'CAYMAN', 2011, 'Battery', 38, 5),(32, '2LUXDFJTYZA796766', 11657.0, 'convertible; ', 'RAM 2500', 2009, 'Gas', 11, 6),(33, '2MSC0A8PW8U686208', 48644.0, 'wide chassis; ', 'TAHOE', 2003, 'Plugin Hybrid', 9, 7),(34, '2N45QQ7SMY3757149', 4506.0, 'detail; ', 'GRAND CHEROKEE', 2012, 'Gas', 22, 2),(35, '2Y1UCXYY50T192604', 60965.0, 'automatic torque converter; ', 'SAVANA 2500', 2013, 'Gas', 17, 6),(36, '2YHAF0V8512939431', 60084.0, 'active safety features; Automotive Service Excellence (ASE); ', 'ZDX', 2010, 'Gas', 1, 7),(37, '2YTUEYSLDJG398062', 72720.0, '', 'FORTE KOUP', 2012, 'Gas', 24, 7),(38, '30YUJXKGY7I314746', 57066.0, 'original equipment manufacturer (OEM) parts; good piston; ', 'AVENTADOR', 2013, 'Gas', 25, 4),(39, '323F5QUAPKX190724', 123358.0, 'super new ignition system; ', 'R1S NEW', 2023, 'Battery', 40, 1),(40, '340C5KYKWVM715838', 149043.0, 'great rpms; ', 'B4000', 2003, 'Hybrid', 31, 5),(41, '3464CBUBJ3G311266', 17392.0, 'no backfire/backfiring; ', '575 M MARANELLO', 2005, 'Plugin Hybrid', 12, 2),(42, '3EAZYH5SPE8904041', 30354.0, 'gap; ', 'A4 QUATTRO', 2002, 'Plugin Hybrid', 4, 1),(43, '3NED8CVSG6V494138', 13134.0, 'broad wheelbase; modern dashboard; ', 'XFR', 2014, 'Gas', 21, 7),(44, '3P0R7483FP1117876', 149700.0, 'minivan; ', 'ATTITUDE', 2009, 'Gas', 11, 7),(45, '4BSRNVZZ2CQ691731', 89038.0, 'convertible; ', 'TOWN & COUNTRY', 2012, 'Gas', 10, 6),(46, '4BW4C1KL6TZ577336', 3900.0, 'original equipment manufacturer (OEM) parts; ', 'RS4', 2007, 'Diesel', 4, 3),(47, '4HVC60L66KI459720', 22666.0, 'high quality carburetor; no backfire/backfiring; ', 'B3000', 2003, 'Gas', 31, 4),(48, '4QL2U7A4H4J019100', 27724.0, 'high differential; ', 'EXPLORER', 2007, 'Gas', 14, 7),(49, '4RJT1NOLXUG037441', 111896.0, '', 'CONTINENTAL', 2015, 'Gas', 5, 7),(50, '4TJ5T18OMFN710800', 11395.0, 'strong muffler; ', '4RUNNER', 2010, 'Battery', 45, 4),(51, '55M41D1AGKW204016', 96380.0, 'front axle assembly; ', 'VOYAGER', 2004, 'Gas', 10, 5),(52, '5DAWXIM4EAK735462', 8190.0, 'superturbocharger; ', 'RAM 1500 TRUCK', 2010, 'Gas', 11, 2),(53, '5IZQ0A8JNL8536828', 194926.0, 'high block; no understeer; wide chassis; ', 'GENESIS', 2010, 'Gas', 19, 7),(54, '5JVO4MGJYXC563627', 214962.0, 'sport utility vehicle-SUV; high differential; ', 'LANCER', 2003, 'Gas', 35, 7),(55, '5L5RPVESTIA976918', 151964.0, 'strong muffler; safe oil ring; ', 'G37', 2008, 'Plugin Hybrid', 20, 6),(56, '5MS17EW23YR611242', 167565.0, 'wide chassis; ', 'COMMANDER', 2010, 'Gas', 22, 6),(57, '5NFMDSJIMMB492412', 99042.0, 'check the Monroney sticker - theer is nothing better than this vehicle; ', 'TOWN CAR', 2005, 'Diesel', 28, 2),(58, '5T3XYBUNB63008211', 84530.0, 'detail; ', 'TRX350FE FOURTRAX RANCHER 4X4 ES', 2005, 'Gas', 18, 1),(59, '5WKWALJ4EQU001163', 64266.0, '', 'COOPER COUNTRYMAN', 2015, 'Natural Gas', 34, 7),(60, '63OUTYEBN7D928507', 99484.0, 'manual transmission; ', 'TOWN CAR', 2011, 'Gas', 28, 3),(61, '65ISMOWUBDU569125', 84921.0, 'superturbocharger; ', 'CTS', 2007, 'Diesel', 8, 5),(62, '67BQ74RV204502543', 40632.0, 'high volume cylinder; pickup; ', 'GALLARDO', 2006, 'Gas', 25, 6),(63, '6AZQDNCM3G6215989', 161200.0, 'crankcase; rear wheel drive; ', 'DISCOVERY', 2015, 'Gas', 26, 6),(64, '6LYU65SHD4H127612', 23928.0, '', 'CAYMAN', 2015, 'Gas', 38, 7),(65, '6N5JA7X7LX2749307', 139500.0, 'small spark plug gap; active safety features; ', 'EXPEDITION', 2011, 'Hybrid', 14, 6),(67, '6ZG2Z4HYIKW532605', 126495.0, 'high quality carburetor; ', 'FORTWO', 2010, 'Hybrid', 42, 3),(68, '72OI8SLM4HN113041', 58070.0, 'coupe; unibody construction; ', 'MP4-12C', 2014, 'Plugin Hybrid', 32, 2),(69, '72SCGHC1RB4779672', 129735.0, 'original equipment manufacturer (OEM) parts; ', 'QUATTROPORTE', 2012, 'Gas', 30, 3),(70, '73HIEJVMY26464395', 6216.0, 'rack and pinion steering; ', 'JETTA', 2008, 'Gas', 46, 5),(73, '8FDAK0CPTWA122888', 39708.0, 'no backfire/backfiring; ', 'TRX500FE FOURTRAX FOREMAN 4X4 ES', 2013, 'Gas', 18, 6),(74, '8JVUFKHA0TM075506', 191186.0, 'superturbocharger; ', 'MX-5 MIATA', 2011, 'Gas', 31, 3),(75, '8LPZZLYHF77014597', 198456.0, 'no understeer; ', 'S40', 2009, 'Gas', 47, 6),(76, '8SGNAEKKQ0B252643', 41010.0, '', 'SONATA', 2009, 'Plugin Hybrid', 19, 4),(77, '8U653RXUMZY984495', 151216.0, 'sturdy side impact beams; Automotive Service Excellence (ASE); ', 'VOLT', 2012, 'Gas', 9, 5),(78, '8UU0VC3VENC905922', 5090.0, 'manual transmission; ', 'RANGE ROVER SPORT', 2010, 'Diesel', 26, 2),(79, '8VGJ74SC8UK076966', 87102.0, 'super new ignition system; ', 'CX-9', 2010, 'Gas', 31, 2),(80, '8W38A5ZZFKA123439', 31607.0, 'automatic torque converter; ', 'P1', 2014, 'Hybrid', 32, 3),(81, '8WLKEABOQM5965804', 19770.0, 'great engine; great rpms; minivan; ', 'REGAL', 2013, 'Battery', 7, 6),(82, 'A1GTY6T551Q455502', 61770.0, 'sturdy rear axle assembly; high volume cylinder; ', 'EVORA', 2011, 'Gas', 29, 1),(83, 'A1S3JZU0RGM394036', 67510.0, 'high quality carburetor; ', 'R1T', 2023, 'Gas', 40, 1),(84, 'A58PSDYJWYD029917', 45288.0, 'ultra new transmission; ', 'ROADSTER', 2008, 'Battery', 44, 6),(85, 'ANW7EMLQVI6782246', 148550.0, 'best possible traction; engine displacement; ', 'LIBERTY', 2006, 'Gas', 22, 6),(87, 'B1NDXK4VPM8021524', 55260.0, 'wide chassis; small spark plug gap; ', 'COOPER', 2013, 'Gas', 34, 4),(89, 'B68KFH50SOO194215', 10158.0, 'no redline; drum brake; ', 'FORTWO', 2010, 'Gas', 42, 2),(90, 'BCTZOAWQMHJ300759', 27144.0, 'four-wheel drive; ', 'SPIDER', 2008, 'Hybrid', 2, 5),(91, 'BH6Z8Q8YUSV665327', 110124.0, 'air filtration system; ', 'OUTLANDER', 2003, 'Hybrid', 35, 7),(92, 'BJIK4PRL350875445', 44326.0, '', 'TRX500FPA FOURTRAX FOREMAN RUBICON', 2014, 'Gas', 18, 4),(93, 'BKO2YY3HI56119138', 2454.0, 'wide transaxle; ', 'YUKON', 2015, 'Gas', 17, 4),(94, 'BQ1P8TA2OBE090669', 216546.0, 'sturdy rear axle assembly; ', 'C70', 2005, 'Gas', 47, 7),(95, 'BROAYF3JXYB733688', 49090.0, 'hydraulic brakes; power train; active safety features; ', 'CALIFORNIA', 2013, 'Gas', 12, 2),(96, 'BV7ZLIZN0R2917777', 95020.0, 'overdrive; drum brake; best oil pump; ', 'SIERRA 3500 HD', 2008, 'Gas', 17, 5),(97, 'BW4Z2PQG761237438', 12749.0, 'wide transaxle; automatic transmission; ', 'JOURNEY', 2012, 'Diesel', 11, 1),(98, 'BYNUGAHZM1L977542', 80420.0, '', 'TRX90X', 2014, 'Hybrid', 18, 3),(99, 'CNBSW7RMXAE536762', 14916.0, '', 'SPIDER', 2008, 'Hybrid', 2, 2),(100, 'CXGQS7AZP6I329568', 97260.0, '', 'XC60', 2011, 'Fuel Cell', 47, 2),(101, 'D244CUCA1UX127908', 13893.0, 'minivan; ', 'MP4-12C', 2013, 'Gas', 32, 6),(102, 'DABGHKVUB2D696619', 2900.0, 'front axle assembly; ', 'FIESTA IKON', 2014, 'Gas', 14, 3),(103, 'DBF5M62ODXK242204', 48386.0, 'manual transmission; good piston; high quality carburetor; ', 'DAKOTA', 2010, 'Gas', 11, 2),(105, 'EDH6BDC74XY589172', 36240.0, 'automatic torque converter; ', 'TL', 2003, 'Gas', 1, 1),(106, 'EJET1HMTOKB682315', 21925.0, 'normally aspirated; wide cam; ', 'RAM 2500 TRUCK', 2004, 'Gas', 11, 7),(107, 'ELA1OD0NP7S259553', 16304.0, 'drum brake; best possible traction; wide chassis; ', 'R32', 2008, 'Gas', 46, 3),(108, 'EQ22HWH3DG1475247', 14318.0, 'can be used as sports car; ', 'CTS', 2012, 'Gas', 8, 6),(110, 'ETRV7OGUK1A265022', 3538.0, 'autotachometer; ', 'MPV', 2006, 'Gas', 31, 2),(111, 'EUNRBUAUCXQ934676', 33884.0, 'original equipment manufacturer (OEM) parts; ', 'FORESTER', 2010, 'Gas', 43, 6),(112, 'EV4TH4BF5DQ470200', 11695.0, 'minivan; ', 'QUATTROPORTE', 2006, 'Hybrid', 30, 4),(113, 'EWUO21O8D0P959813', 6250.0, 'fuel injection; wide transaxle; ', 'MULSANNE', 2012, 'Diesel', 5, 1),(114, 'EX0DFWC3FLW639681', 19166.0, 'hatchback; high torque; ', 'CTS', 2009, 'Gas', 8, 2),(115, 'EYTJ0RTAAHK130156', 39320.0, 'best oil pump; ', 'FORFOUR', 2005, 'Hybrid', 42, 2),(116, 'EZ144Z2QAJC644839', 69820.0, 'small spark plug gap; ', 'A8 QUATTRO', 2003, 'Diesel', 4, 3),(117, 'EZ308PJB831681306', 16716.0, 'best suspension; ', 'PROWLER', 2002, 'Gas', 10, 6),(119, 'F253TPAMQK3083569', 72556.0, 'station wagon (Also known as wagon.); ', '458 ITALIA', 2013, 'Diesel', 12, 6),(120, 'F37VOS4G0QV020629', 52831.0, 'high block; ', 'QUATTROPORTE', 2007, 'Gas', 30, 7),(121, 'F42NYNK4BK3657449', 92236.0, 'high block; ', 'MKX', 2007, 'Diesel', 28, 2),(122, 'FA7LJ664E04088299', 25446.0, 'supernew catalytic converter; ', 'F800GS', 2012, 'Gas', 6, 7),(123, 'FAQ8F8F300A215860', 2224.0, 'automatic torque converter; ', 'GS350', 2009, 'Gas', 27, 2),(124, 'FLACGVUE5FI388538', 101265.0, 'innovative air bags; ', 'XKR', 2003, 'Gas', 21, 1),(125, 'FPJBMT3OOG8061158', 70100.0, '', '350Z', 2005, 'Gas', 36, 1),(126, 'FW817ZV3BVG215163', 11612.0, 'small spark plug gap; ', 'ACCENT', 2009, 'Diesel', 19, 2),(128, 'FXR24KBAHFZ139993', 39454.0, 'automatic torque converter; ', 'V8 VANTAGE', 2009, 'Battery', 3, 6),(129, 'GC27VB8JWCD457186', 120780.0, 'no understeer; strong muffler; ', 'COOPER', 2002, 'Diesel', 34, 1),(130, 'GEW8SXH3TWS985107', 61620.0, 'pickup; ', 'RANGE ROVER', 2008, 'Plugin Hybrid', 26, 7),(131, 'GHEDZEHRLGJ237205', 86082.0, 'can be used as sports car; ', 'F800GT', 2013, 'Plugin Hybrid', 6, 2),(133, 'GTTYZXB3YJG754847', 7898.0, 'great engine; ', '4C', 2014, 'Gas', 2, 7),(134, 'GZ81MW85M47387080', 3720.0, 'super new ignition system; ', 'XKR-S', 2015, 'Fuel Cell', 21, 6),(135, 'HGHHV1IWCUX780355', 2940.0, 'good gear; ', 'RANGE ROVER SPORT', 2015, 'Gas', 26, 6),(136, 'HIEWYKOMDAK597903', 148598.0, 'no redline; manual transmission; best possible traction; ', 'FORTWO', 2005, 'Plugin Hybrid', 42, 7),(137, 'HJHFHI4TARG736468', 58340.0, 'air filtration system; ', 'JOURNEY', 2015, 'Plugin Hybrid', 11, 2),(138, 'HRBDCA8RAE0685886', 1568.0, 'power train; Automotive Service Excellence (ASE); ', 'VOYAGER', 2007, 'Gas', 10, 4),(139, 'HTIAUKNL6TA101731', 55444.0, '', 'VT750C SHADOW AERO', 2009, 'Diesel', 18, 7),(140, 'HUJ762ME6OB336499', 80010.0, 'best oil pump; ', 'SEBRING', 2009, 'Gas', 10, 3),(141, 'HXP0L3Y7NRP032607', 4512.0, '', 'TERRAIN', 2012, 'Fuel Cell', 17, 7),(142, 'I2Y84J2JYUI249817', 36204.0, 'check the Monroney sticker - theer is nothing better than this vehicle; ', 'NV200', 2014, 'Gas', 36, 2),(143, 'I4ZQBJWMKGO132368', 67371.0, 'Automotive Service Excellence (ASE); ', 'MKT', 2014, 'Gas', 28, 3),(144, 'I5E5PHXL5CF199096', 22229.0, '', 'OPTIMA', 2010, 'Gas', 24, 2),(145, 'I7TC64WMFN3679469', 58960.0, '', 'V8 VANTAGE', 2009, 'Gas', 3, 7),(146, 'IHYW5EQH7SL835482', 28431.0, 'engine displacement; oversteer; ', 'ENDEAVOR', 2005, 'Gas', 35, 3),(147, 'IK0HARFDHRY246462', 19756.0, 'oversteer; ', 'SPIDER', 2008, 'Fuel Cell', 2, 2),(148, 'IO8AOWYKMLD518556', 2280.0, 'best possible traction; ', 'POINTER TRUCK', 2006, 'Diesel', 46, 2),(149, 'IQ73NEIBJNB403342', 46908.0, 'good piston; original equipment manufacturer (OEM) parts; front axle assembly; ', 'XLR', 2005, 'Gas', 8, 7),(150, 'IUTAUS27FGO848930', 44422.0, '', 'ARNAGE', 2004, 'Gas', 5, 2),(151, 'IXZVB277TU2768773', 103600.0, '', 'FX35', 2009, 'Gas', 20, 3),(152, 'IZPS1NTRXAH046134', 14060.0, 'high block; ', 'CABRIO', 2005, 'Gas', 42, 3),(153, 'J05SWPOXE56492516', 37811.0, 'normally aspirated; ', 'LESABRE', 2003, 'Gas', 7, 7),(154, 'J1MG8R7RAZX116769', 185212.0, 'Automotive Service Excellence (ASE); ', 'BROOKLANDS', 2008, 'Gas', 5, 1),(155, 'J6OMNLGS2AO161351', 32270.0, 'good gear; high volume cylinder; ', 'CELICA', 2003, 'Gas', 45, 6),(156, 'JA36JFM31V4526050', 42815.0, 'pickup; sturdy rear axle assembly; ', 'VOYAGER', 2002, 'Gas', 10, 1),(157, 'JA7U5AG0WEE170652', 224140.0, 'automatic transmission; ', 'EXIGE', 2010, 'Gas', 29, 4),(158, 'JA7YVHAFRLT437706', 191840.0, '', 'ECOSPORT', 2004, 'Plugin Hybrid', 14, 6),(159, 'JBPIGW2CI42143239', 37976.0, 'modern dashboard; ', 'JETTA', 2010, 'Natural Gas', 46, 6),(160, 'JE1O6OHJZW1220783', 21236.0, 'superturbocharger; best suspension; ', 'SIENNA', 2008, 'Battery', 45, 5),(161, 'JL4O86VLF1F081674', 3780.0, '', 'TRIBUTE', 2009, 'Gas', 31, 3),(162, 'JS0Y5W8KIDC106093', 111588.0, '', 'GLA200', 2015, 'Gas', 33, 6),(163, 'JS7IRJMSXPC511509', 28236.0, 'drum brake; ', 'LS', 2003, 'Gas', 28, 4),(164, 'JZKBFXYGWL5900436', 3156.0, 'manual transmission; drive shaft; automatic transmission; ', 'ACCENT', 2002, 'Diesel', 19, 2),(165, 'K3MTK4TIJNU760358', 13916.0, 'crumple zones; active safety features; ', 'R1T TOMORROW', 2023, 'Gas', 40, 6),(166, 'K4IZJXWXWJR973290', 11582.0, 'disc brake; ', 'BOXSTER', 2013, 'Fuel Cell', 38, 3),(167, 'KBYS182F2ID559258', 97020.0, 'high volume cylinder; ', 'F430', 2007, 'Diesel', 12, 2),(168, 'KCXGZEVS1QW404654', 43930.0, 'power train; ', 'AVIATOR', 2004, 'Diesel', 28, 2),(169, 'KE1QKPKS6Q8459351', 6466.0, 'high block; ', 'X', 2014, 'Gas', 44, 3),(170, 'KEZRVGOFFMA250868', 141752.0, 'good gear; ', 'FORTWO', 2005, 'Plugin Hybrid', 42, 4),(171, 'KW1EHM2N1UB940362', 93317.0, 'great stabilizer bar; ', 'RLX', 2015, 'Plugin Hybrid', 1, 1),(172, 'KZQ5C1NSWAJ790169', 47208.0, 'wide transaxle; best suspension; four-wheel drive; ', 'WRX', 2014, 'Battery', 43, 7),(173, 'L3ETEZZL0ER968032', 17159.0, 'best sedan; ', '750I XDRIVE', 2012, 'Gas', 6, 5),(174, 'L535DHDAU62985677', 239400.0, 'great rpms; ', 'CL', 2003, 'Gas', 1, 2),(175, 'L6EFDBPTY1B405814', 4466.0, 'station wagon (Also known as wagon.); ', 'FM-MR', 2004, 'Battery', 35, 2),(176, 'L712UQJXM4L524142', 49100.0, 'Automotive Service Excellence (ASE); ', 'RENDEZVOUS', 2006, 'Gas', 7, 3),(177, 'LLPNU12CY5C440662', 16783.0, 'great engine; ', 'GRANDE PUNTO', 2007, 'Diesel', 13, 2),(178, 'LQHDVXVOOUT107133', 17536.0, 'Automotive Service Excellence (ASE); ', 'QUATTROPORTE', 2010, 'Battery', 30, 3),(179, 'LRB2H3BHPKX650155', 120700.0, 'coupe; ', 'LAND CRUISER', 2011, 'Diesel', 45, 2),(180, 'LWA5MXOU4MD327938', 71409.0, 'electronic transmission; ', 'ELISE', 2007, 'Gas', 29, 6),(181, 'LYPZILOBZ87153615', 36660.0, 'sturdy rear axle assembly; ', '458 ITALIA', 2011, 'Gas', 12, 2),(183, 'M3VW8YIQKWT779745', 82098.0, 'very hard struts; ', 'BOXSTER', 2011, 'Gas', 38, 5),(184, 'M4E2PBWXZFJ700371', 9816.0, '', 'PRIUS', 2013, 'Battery', 45, 1),(185, 'MAO8BQ1NDT7049472', 52935.0, 'broad wheelbase; ', 'ELISE', 2007, 'Battery', 29, 3),(186, 'MATGJILCBL4124189', 121895.0, 'good gear; front wheel drive; high differential; ', 'ESPRIT', 2003, 'Gas', 29, 1),(187, 'ME064DUO8S0025936', 106449.0, 'all passive safety features; ', 'XJ8', 2003, 'Natural Gas', 21, 3),(188, 'MJT0LBERDE8792947', 95532.0, 'fuel injection; electronic transmission; ', 'V8 VANTAGE', 2008, 'Gas', 3, 3),(189, 'MJZ2P85E65M015209', 4645.0, '', 'SPECTRA', 2007, 'Gas', 24, 2),(191, 'MPXFMDRYC6D036656', 38248.0, 'strong muffler; ', 'C7500 TOPKICK', 2004, 'Gas', 17, 4),(192, 'MRHT53HXAKW856444', 96907.0, 'no backfire/backfiring; ', 'CSX', 2007, 'Gas', 1, 4),(193, 'MRHV8EI5ETH324409', 41332.0, 'innovative air bags; ', 'RENDEZVOUS', 2004, 'Plugin Hybrid', 7, 2),(194, 'MTBE6DK55IO892347', 97128.0, 'safe oil ring; modern dashboard; ', 'A5', 2012, 'Gas', 4, 6),(195, 'N2VSLYX8OXL077775', 160263.0, 'great stabilizer bar; supernew catalytic converter; fuel injection; ', 'XC90', 2009, 'Gas', 47, 7),(196, 'N5QQ2WLB5PL198189', 4818.0, 'oversteer; ', 'VTX1300S', 2007, 'Gas', 18, 5),(197, 'N64LL1WC63N759701', 51956.0, '', 'CENTURY', 2002, 'Gas', 7, 3),(198, 'NF2DBQEFZ0N234783', 27741.0, 'original equipment manufacturer (OEM) parts; ', 'TOWN & COUNTRY', 2012, 'Hybrid', 10, 6),(199, 'NJFDCKXL34E222565', 2480.0, '', 'SILVERADO 2500', 2004, 'Gas', 9, 6),(200, 'NKY5WJPCYVC675161', 5170.0, '', 'FORTWO', 2006, 'Gas', 42, 1),(201, 'NLYCMW5DAS5194596', 48980.0, 'high torque; ', 'COMMANDER', 2007, 'Plugin Hybrid', 22, 6),(202, 'NM3BN4RJS1M492634', 5694.0, 'sport utility vehicle-SUV; rack and pinion steering; can be used as sports car; ', 'QUATTROPORTE', 2011, 'Hybrid', 30, 5),(203, 'NNKIP3UNIGZ353715', 11240.0, 'no backfire/backfiring; ', 'COMPASS', 2008, 'Gas', 22, 7),(204, 'NRQQC5OQ0F4586467', 119856.0, 'sport utility vehicle-SUV; ', 'COOPER', 2002, 'Diesel', 34, 7),(205, 'NV7YPGMDYFH278949', 72676.0, 'drive shaft; ', 'MURCIELAGO', 2009, 'Plugin Hybrid', 25, 6),(206, 'NVHYWIDW4WI400980', 9198.0, 'minivan; ', 'SEQUOIA', 2002, 'Plugin Hybrid', 45, 6),(207, 'O0LX0JY57BT960015', 65130.0, 'check the Monroney sticker - theer is nothing better than this vehicle; ', 'MKC', 2015, 'Gas', 28, 2),(208, 'O1C66KL1VK4840531', 47132.0, 'hatchback; ', 'MKZ', 2008, 'Battery', 28, 1),(209, 'OA1F76XJUQS608395', 64038.0, 'high block; ', 'C30', 2007, 'Natural Gas', 47, 2),(210, 'OETQ6SV7QKM285952', 130956.0, 'front wheel drive; ', 'FORTWO', 2012, 'Battery', 42, 2),(211, 'OMDPS8X50N7546352', 112765.0, 'great engine; ', 'XKR-S', 2015, 'Plugin Hybrid', 21, 6),(212, 'OMJKHKQNFKJ761643', 135960.0, 'overdrive; ', 'BOXSTER', 2008, 'Gas', 38, 4),(213, 'OQPBCN4Y1YB733979', 48764.0, 'pickup; ', 'P1', 2014, 'Gas', 32, 5),(214, 'OY3DWMTTXNP309610', 162834.0, 'hydraulic brakes; high differential; very hard struts; ', 'SIERRA 1500 HD', 2002, 'Gas', 17, 4),(215, 'P54475O4N8K403608', 92472.0, '', 'TITAN', 2012, 'Gas', 36, 2),(216, 'P7NLPCKCGFU554815', 26448.0, 'modern dashboard; great engine; ', 'C63 AMG', 2009, 'Hybrid', 33, 7),(217, 'PBJA5AUSTU5098920', 40565.0, 'Automotive Service Excellence (ASE); ', 'BAJA', 2003, 'Gas', 43, 4),(218, 'PEB0OLCPG6W994144', 103968.0, 'overdrive; high block; ', 'MIRAGE', 2014, 'Diesel', 35, 7),(219, 'PFRYPJOGJ51531310', 11223.0, '', 'MURCIELAGO', 2002, 'Natural Gas', 25, 2),(220, 'PI5K0FV5WKD862880', 161138.0, 'autotachometer; ', 'ENTOURAGE', 2009, 'Battery', 19, 2),(221, 'PKFGEZTKARS310898', 2051.0, 'ultra new transmission; wide transaxle; ', 'GTI', 2015, 'Plugin Hybrid', 46, 4),(222, 'PLMR41N2YPR821121', 32308.0, 'automatic torque converter; ', 'VERANO', 2015, 'Fuel Cell', 7, 4),(223, 'PLPMWBZXIDB972615', 53045.0, 'very hard struts; ', 'GRAND CHEROKEE', 2009, 'Gas', 22, 2),(224, 'POBJLZ8FZN0427016', 2354.0, 'active safety features; ', 'GALLARDO', 2009, 'Gas', 25, 3),(225, 'PYWDSWXK5X5262660', 27663.0, 'hydraulic brakes; ', 'GALLARDO', 2014, 'Hybrid', 25, 7),(226, 'Q3TT4GKZDHK659352', 89232.0, 'sport utility vehicle-SUV; ', 'ARMADA', 2008, 'Gas', 36, 5),(227, 'Q6C80HSWMFK634460', 228880.0, 'oversteer; ', 'LIBERTY', 2009, 'Gas', 22, 7),(228, 'QF6QBNKTPSA019446', 44280.0, 'ultra new transmission; ', 'YUKON XL 2500', 2010, 'Battery', 17, 7),(230, 'QV77RP24AZ3546581', 40120.0, 'no redline; ', 'ESPRIT', 2002, 'Gas', 29, 2),(231, 'QVSOV4QTXAE520972', 24560.0, 'high block; best suspension; ', 'MIATA', 2004, 'Hybrid', 31, 1),(232, 'QWYUAF6GIGE744209', 163760.0, 'drum brake; ', 'X-TYPE', 2008, 'Gas', 21, 1),(233, 'R3Q6NWXL5OK028859', 46985.0, 'normally aspirated; ', 'F650CS', 2003, 'Gas', 6, 2),(234, 'RAZB0H0MQX5869731', 34484.0, 'no understeer; ', 'ELISE', 2007, 'Gas', 29, 2),(235, 'RH3XN0D50EO772614', 59912.0, 'best sedan; ', 'DUCATO', 2011, 'Diesel', 13, 3),(236, 'RP3I3QO2BYF582498', 90372.0, 'front axle assembly; ', 'FX35', 2003, 'Gas', 20, 5),(237, 'RRRZH6PBRYY000587', 31663.0, '', 'XJR', 2006, 'Gas', 21, 6),(238, 'RTV8NXYO2D4310350', 133827.0, 'strong muffler; can be used as sports car; overdrive; ', 'ROADSTER', 2008, 'Gas', 44, 5),(239, 'RXLO3PC8EG8307071', 189546.0, '', 'COUPE', 2003, 'Gas', 30, 2),(240, 'SAN8CKZV8O6386790', 72600.0, 'safe oil ring; ', 'FE145CC', 2010, 'Gas', 35, 4),(241, 'SC0ZRWACOEM768702', 71290.0, 'active safety features; ', 'RL', 2006, 'Gas', 1, 3),(242, 'SL5LRZAJFUI810871', 20246.0, 'anti-lock brake system (ABS); crankcase; ', 'FE145CC', 2011, 'Gas', 35, 2),(244, 'SMZSGMQWSKI621717', 164564.0, 'no understeer; ', 'DBS', 2012, 'Gas', 3, 5),(245, 'SO6WD25XQVR636495', 142615.0, '', 'CARRERA GT', 2006, 'Hybrid', 38, 5),(246, 'SPE2WMY887O932788', 123636.0, 'gap; ', 'ELISE', 2005, 'Plugin Hybrid', 29, 2),(247, 'SSSGFBFNIOE995675', 36225.0, 'front axle assembly; ', 'WILDCAT', 2015, 'Gas', 7, 5),(248, 'T1TFNQC1QZ0222284', 208050.0, '', 'BRERA', 2008, 'Gas', 2, 4),(249, 'TJY1H16Y6DA687801', 99103.0, 'normally aspirated; ', 'TORNADO', 2013, 'Gas', 9, 5),(250, 'TOIFP5YHHJC099537', 2118.0, 'supernew catalytic converter; ', 'SPYDER', 2003, 'Gas', 30, 5),(251, 'TRB4XOLO3Y2181257', 31579.0, 'wide cam; can be used as sports car; ', 'ARNAGE', 2009, 'Gas', 5, 1),(252, 'TVFRONGULQ7855167', 22628.0, 'sturdy side impact beams; ', 'G37', 2011, 'Hybrid', 20, 3),(254, 'U2SEQATJQIP647043', 17232.0, 'broad wheelbase; ', 'RX400H', 2008, 'Gas', 27, 1),(255, 'U3SEY7BL74U428566', 6405.0, 'sturdy rear axle assembly; automatic torque converter; ', 'MDX', 2003, 'Battery', 1, 5),(256, 'U4DAG21M25I154677', 31719.0, 'best oil pump; ', 'X-TYPE', 2008, 'Diesel', 21, 2),(257, 'U6AKQW00N22614671', 110094.0, 'pickup; disc brake; ', 'FORTWO', 2006, 'Gas', 42, 2),(258, 'U8CPVV20LCB872591', 16636.0, '', 'VERSA', 2013, 'Gas', 36, 4),(259, 'UAITKQ7KMQN776987', 17172.0, 'pickup; ', 'X-TYPE', 2002, 'Diesel', 21, 1),(260, 'UDK1102XNQ4362369', 64783.0, 'autotachometer; ', 'SLK55 AMG', 2013, 'Fuel Cell', 33, 2),(261, 'UDOHJKQNZRU355125', 216200.0, 'no understeer; ', 'S7', 2013, 'Plugin Hybrid', 4, 1),(262, 'UKRLDVVBSZZ487336', 39064.0, '', 'COMPASS', 2008, 'Gas', 22, 5),(263, 'UU2VI1MPOCJ886472', 8355.0, 'super new ignition system; ', 'GIULIETTA', 2012, 'Hybrid', 2, 4),(264, 'UVK0K4YAN4D361432', 25356.0, 'wide chassis; ', 'LACROSSE', 2010, 'Plugin Hybrid', 7, 3),(265, 'UYQXFHB268D227085', 138390.0, 'best oil pump; ', 'FK260', 2008, 'Gas', 35, 4),(266, 'V08JG7APNII434369', 116832.0, 'crumple zones; ', 'RX330', 2004, 'Gas', 27, 2),(267, 'V73RJYYHEIT850422', 92452.0, 'Automotive Service Excellence (ASE); front wheel drive; coupe; ', 'MONTERO', 2011, 'Gas', 35, 2),(268, 'VJUYVX0SHHT606044', 50725.0, 'active safety features; ', 'LR2', 2011, 'Plugin Hybrid', 26, 4),(269, 'VLYZ0TBEDGM584853', 11988.0, 'active safety features; great rpms; ', 'FE125', 2011, 'Gas', 35, 2),(270, 'VOCIAMIZKKN350227', 65982.0, 'high block; ', '599 GTB', 2009, 'Battery', 12, 7),(271, 'VPER1TKLOPC634179', 199040.0, 'station wagon (Also known as wagon.); high block; ', 'ALLURE', 2007, 'Gas', 7, 6),(272, 'VTJI8XXO2CO552773', 6708.0, '', 'TRX250TM FOURTRAX RECON', 2007, 'Gas', 18, 7),(273, 'VTVE6444244403193', 17022.0, 'very hard struts; ', 'MURCIELAGO', 2004, 'Gas', 25, 6),(274, 'VWWOX3PM6QD757820', 40212.0, 'crumple zones; ', 'MP4-12C', 2014, 'Gas', 32, 7),(275, 'W17V1HTH5IW129737', 5994.0, 'rear wheel drive; disc brake; convertible; ', 'LS600H', 2012, 'Gas', 27, 1),(276, 'W1R2THVZD6L234135', 214540.0, 'automatic torque converter; ', 'MP4-12C', 2012, 'Gas', 32, 6),(277, 'W85FIU0UPWJ342063', 57304.0, 'wide cam; ', 'V8 VANTAGE', 2009, 'Gas', 3, 2),(278, 'WGVK4P1UIPJ916959', 119696.0, 'good piston; sturdy rear axle assembly; high differential; ', 'FORESTER', 2009, 'Gas', 43, 7),(279, 'WKNIUEPLNDU378894', 24504.0, 'high volume cylinder; high differential; ', 'RANGE ROVER EVOQUE', 2014, 'Gas', 26, 3),(281, 'WWMN8RWHPDM674733', 165618.0, 'pickup; ', 'AZURE', 2010, 'Gas', 5, 6),(282, 'XJMTKD21FUV756318', 142515.0, 'superturbocharger; ', 'COOPER', 2002, 'Gas', 34, 2),(283, 'XNUNZXGY3NC711419', 125226.0, 'high quality carburetor; ', 'RL', 2008, 'Gas', 1, 3),(284, 'XPBUWRX56F6412345', 33560.0, 'superturbocharger; pickup; ', 'CAYMAN', 2015, 'Gas', 38, 3),(285, 'XUYF42BKSWK479574', 36360.0, 'high differential; ', 'E500', 2003, 'Gas', 33, 3),(287, 'YA0EN8KRBAN266216', 43370.0, 'sturdy rear axle assembly; ', 'CALIFORNIA', 2010, 'Battery', 12, 2),(288, 'YFV4PPW4SW8405660', 7209.0, 'best possible traction; ', 'ELISE', 2011, 'Diesel', 29, 2),(289, 'YIRV4C5U8MN581204', 21762.0, 'safe oil ring; sturdy rear axle assembly; great engine; ', 'TUCSON', 2005, 'Gas', 19, 6),(290, 'Z0405USEZKH796737', 2652.0, 'convertible; ', 'XC70', 2015, 'Battery', 47, 1),(291, 'Z1QCG3DRQAX515930', 12132.0, 'coupe; ', 'E500', 2015, 'Gas', 33, 1),(292, 'Z8KJQAZ0L2C379316', 8563.0, '', 'ZDX', 2012, 'Plugin Hybrid', 1, 6),(293, 'ZBZRLDKTF22899385', 128760.0, 'great engine; oversteer; ', 'B4000', 2005, 'Gas', 31, 5),(294, 'ZDNMEDH0CHN556637', 142636.0, 'coupe; good piston; safe oil ring; ', 'ELANTRA GT', 2015, 'Gas', 19, 1),(295, 'ZI36738ITE3999852', 68581.0, '', 'RANGE ROVER', 2004, 'Gas', 26, 6),(296, 'ZIOB2UP8DA8102221', 74286.0, 'great engine; ', 'VANDEN PLAS', 2008, 'Gas', 21, 3),(297, 'ZMVRJH6HGUZ703892', 29055.0, 'automatic torque converter; disc brake; ', 'PROMASTER 1500', 2014, 'Gas', 39, 3),(298, 'ZO6LSHSSJHC695220', 44060.0, 'Automotive Service Excellence (ASE); ', 'A1', 2012, 'Hybrid', 4, 3),(299, 'ZPSM0A6MZXM357384', 12686.0, 'best possible traction; ', 'COROLLA', 2012, 'Hybrid', 45, 2),(300, 'ZR3ABC4M7DZ405619', 123315.0, '', 'RAINIER', 2006, 'Gas', 7, 7),(301, 'ZUG6F1Z7LAY309325', 85132.0, 'rack and pinion steering; ', 'CAMRY', 2013, 'Gas', 45, 7);
UNLOCK TABLES;
COMMIT;
BEGIN;
LOCK TABLES `csc206cars`.`vehicletypes` WRITE;
DELETE FROM `csc206cars`.`vehicletypes`;
INSERT INTO `csc206cars`.`vehicletypes` (`vehicle_typeID`,`vehicle_type_name`) VALUES (3, 'Convertible'),(2, 'Coupe'),(6, 'Minivan'),(8, 'Other'),(1, 'Sedan'),(7, 'SUV'),(4, 'Truck'),(5, 'Van');
UNLOCK TABLES;
COMMIT;
BEGIN;
LOCK TABLES `csc206cars`.`vendors` WRITE;
DELETE FROM `csc206cars`.`vendors`;
INSERT INTO `csc206cars`.`vendors` (`vendorID`,`vendor_name`,`phone_number`,`street`,`city`,`state`,`postal_code`) VALUES (1, 'Bioholding', '4708285765', '1080 13-street', 'Laredo', 'VA', '20618'),(2, 'Doncon', '8634240978', '4134 1-street', 'Honolulu', 'CO', '53516'),(3, 'Donquadtech', '4330271138', '6342 10-street', 'Greensboro', 'NJ', '21568'),(4, 'Dontechi', '4349799101', '1980 19-street', 'Kansas City', 'AZ', '15321'),(5, 'Donware', '3524489162', '1082 16-street', 'Jersey City', 'CA', '46411'),(6, 'Faxquote', '8628022276', '3533 14-street', 'San Antonio', 'TX', '45774'),(7, 'Green-Plus', '4949676580', '8190 14-street', 'Anaheim', 'CA', '47198'),(8, 'Isdom', '7773737055', '3447 3-street', 'Colorado Springs', 'NE', '42275'),(9, 'J-Texon', '4336879232', '6594 20-street', 'Louisville/Jefferson County', 'OR', '75254'),(10, 'Konmatfix', '5826379602', '5602 11-street', 'St. Paul', 'OH', '82076'),(11, 'Newex', '6597177673', '1421 7-street', 'Chula Vista', 'IN', '29195'),(12, 'Ontomedia', '1287442780', '430 11-street', 'Buffalo', 'NJ', '52404'),(13, 'Plusstrip', '3314841835', '9626 13-street', 'Pittsburgh', 'AK', '27911'),(14, 'Rundofase', '1145674122', '1671 17-street', 'Lexington-Fayette', 'PA', '31823'),(15, 'Scotfind', '6602654784', '7881 14-street', 'San Francisco', 'CA', '78014'),(16, 'Stanredtax', '9669721351', '3849 17-street', 'Chicago', 'IL', '88447'),(17, 'Streethex', '3157040219', '321 9-street', 'Fresno', 'CA', '53376'),(18, 'Sumace', '2740994602', '9854 19-street', 'Cincinnati', 'MN', '20643'),(19, 'Xx-zobam', '1024912710', '2887 11-street', 'Arlington', 'LA', '95543'),(20, 'Yearin', '4600382366', '15 7-street', 'Detroit', 'MI', '19807');
UNLOCK TABLES;
COMMIT;
